package_name,total_packages_installed,normal_time,typosquatting_time,difference,overhead,,,
lodash.some,1,1.2399957,1.4241911,0.1841954,0.148545193,,,
is-relative,3,1.5034214,1.5999797,0.0965583,0.064225705,,,
agent-base,3,1.7282203,1.6109558,-0.1172645,-0.06785275,,,average number of packages installed per package
postcss-value-parser,1,1.4838157,1.5756467,0.091831,0.061888414,,,14.976
asap,1,1.2640144,1.6393106,0.3752962,0.296908168,,,
base,36,3.7586769,3.2208801,-0.5377968,-0.143081413,,,average install time without scan (seconds)
babel-plugin-transform-es2015-block-scoping,26,4.0253263,3.9520091,-0.0733172,-0.018213977,,,2.604781101
node-fetch,1,1.5454665,1.8257043,0.2802378,0.181328939,,,
file-type,11,1.8846363,2.1892587,0.3046224,0.161634582,,,average install time with scan (seconds)
jest-diff,19,2.9212785,2.8684564,-0.0528221,-0.018081843,,,2.668755531
#NAME?,57,4.0645659,4.2176657,0.1530998,0.03766695,,,
p-defer,1,1.317125,1.4670288,0.1499038,0.113811369,,,average slowdown (seconds)
asynckit,1,1.5658567,1.671714,0.1058573,0.06760344,,,0.06397443
lolex,3,1.4360465,1.7247085,0.288662,0.201011597,,,
window-size,9,1.5344703,2.0217595,0.4872892,0.317561832,,,average overhead (%)
object-keys,1,1.2835733,1.7882838,0.5047105,0.393207384,,,2.45603862
nullthrows,1,1.353632,1.5379601,0.1843281,0.136172978,,,
require-context.macro,2,1.3122284,1.3163282,0.0040998,0.003124304,,,
es6-map,12,4.2082658,4.4704663,0.2622005,0.062306069,,,
logalot,57,4.9084308,5.0487058,0.140275,0.02857838,,,
binary-extensions,1,1.4791135,1.6120528,0.1329393,0.089877687,,,
JSONStream,3,1.4249979,1.4582541,0.0332562,0.023337719,,,
arr-map,3,1.7070357,1.6842549,-0.0227808,-0.013345239,,,
lodash.get,1,1.3735371,1.3324632,-0.0410739,-0.029903743,,,
has-unicode,1,1.4669038,1.5102753,0.0433715,0.029566697,,,
postcss,10,1.6694667,2.0299417,0.360475,0.215922246,,,
invariant,3,1.5319875,1.7454016,0.2134141,0.139305379,,,
#NAME?,2,1.5172795,1.421903,-0.0953765,-0.062860205,,,
feature-policy,1,1.297459,1.472612,0.175153,0.134996944,,,
glamorous,11,2.2165585,1.8990825,-0.317476,-0.143229245,,,
assert,25,3.7444672,3.9775659,0.2330987,0.0622515,,,
babel-helper-is-nodes-equiv,1,1.6906175,32.4478487,30.7572312,18.19289768,,,
brace-expansion,3,1.6474494,1.7174883,0.0700389,0.042513536,,,
#NAME?,4,1.6488707,1.7904675,0.1415968,0.085875017,,,
css-loader,36,3.9191143,3.9253744,0.0062601,0.001597325,,,
ms,1,1.25795,1.4642247,0.2062747,0.163976867,,,
decompress-response,2,1.4069667,1.4234103,0.0164436,0.01168727,,,
spdx-exceptions,1,1.4302299,1.4759676,0.0457377,0.031979264,,,
map-stream,1,1.2934782,1.4292127,0.1357345,0.104937602,,,
realpath-native,1,1.2389762,1.4530011,0.2140249,0.172743351,,,
debug,2,1.3086559,1.4541944,0.1455385,0.111212199,,,
private,1,1.3465035,1.3250898,-0.0214137,-0.015903189,,,
rework,11,1.9977391,1.8421529,-0.1555862,-0.077881141,,,
cli-cursor,5,1.540461,1.7464821,0.2060211,0.1337399,,,
entities,1,1.3826476,1.5670606,0.184413,0.133376719,,,
lowlight,4,2.0062435,1.8565996,-0.1496439,-0.074589101,,,
doctrine,2,1.3954614,1.5882336,0.1927722,0.138142266,,,
#NAME?,1,2.2727634,1.6422241,-0.6305393,-0.277432882,,,
tweetnacl,1,1.2889917,1.532803,0.2438113,0.189148852,,,
webpack-addons,186,15.0455918,14.0022193,-1.0433725,-0.069347389,,,
#NAME?,2,1.5851331,1.6595419,0.0744088,0.046941673,,,
prelude-ls,1,1.5752978,1.471872,-0.1034258,-0.065654761,,,
resolve,2,1.4016461,1.5630166,0.1613705,0.115129275,,,
es-to-primitive,5,1.7414491,1.7141029,-0.0273462,-0.015703129,,,
whatwg-fetch,1,1.5778375,1.4095535,-0.168284,-0.106654836,,,
graphql-playground-html,1,1.3119809,1.3135635,0.0015826,0.001206268,,,
p-locate,3,1.5767183,1.5049174,-0.0718009,-0.045538192,,,
http-parser-js,1,1.424687,1.5057721,0.0810851,0.056914326,,,
react-transition-group,10,2.5298102,2.3167763,-0.2130339,-0.08420944,,,
string.prototype.trimleft,4,1.5017056,1.595061,0.0933554,0.062166246,,,
saxes,2,1.2251676,1.4749737,0.2498061,0.203895451,,,
ip,1,1.3122006,1.7752939,0.4630933,0.352913495,,,
pid-from-port,17,2.580114,2.0734832,-0.5066308,-0.196359851,,,
#NAME?,2,2.2733662,1.586611,-0.6867552,-0.302087363,,,
#NAME?,28,3.477705,3.6584651,0.1807601,0.051976835,,,
type-check,2,1.5285392,1.5721687,0.0436295,0.028543265,,,
es5-ext,8,3.8092228,4.0334707,0.2242479,0.058869725,,,
use,1,1.4125703,1.2700506,-0.1425197,-0.100893881,,,
babel-loader,20,2.6336904,2.7393926,0.1057022,0.040134634,,,
isstream,1,1.3626195,1.590334,0.2277145,0.167115251,,,
color-name,1,1.2768631,1.3986842,0.1218211,0.095406547,,,
har-validator,8,2.2712365,1.969173,-0.3020635,-0.132995177,,,
jest-environment-jsdom,379,27.3684854,27.8015715,0.4330861,0.015824263,,,
handle-thing,1,1.4920422,1.3810959,-0.1109463,-0.074358688,,,
file-type,11,2.066645,2.2404648,0.1738198,0.084107237,,,
read-pkg,29,3.1705185,3.1786395,0.008121,0.002561411,,,
optimize-css-assets-webpack-plugin,144,15.5363666,15.5146915,-0.0216751,-0.00139512,,,
webpack-subresource-integrity,4,2.0602059,1.9046964,-0.1555095,-0.075482504,,,
frac,1,1.4751285,1.7263242,0.2511957,0.170287334,,,
#NAME?,2,7.2993418,7.4392778,0.139936,0.019171044,,,
web-namespaces,1,1.4024932,2.5261136,1.1236204,0.80115925,,,
imagemin-mozjpeg,219,13.7568979,14.6700511,0.9131532,0.066377842,,,
loader-runner,1,1.3357225,1.5706222,0.2348997,0.175859656,,,
assign-symbols,1,1.7069024,1.3149052,-0.3919972,-0.229654138,,,
#NAME?,5,1.8561668,1.8565644,0.0003976,0.000214205,,,
concat-stream,8,1.8151238,1.7019135,-0.1132103,-0.062370567,,,
md5,4,1.4613212,1.7002405,0.2389193,0.163495404,,,
bowser,1,1.3272344,1.3247708,-0.0024636,-0.001856191,,,
#NAME?,11,2.2896949,2.3097424,0.0200475,0.008755533,,,
flatted,1,1.5052936,1.4575386,-0.047755,-0.031724708,,,
marker-clusterer-plus,1,1.3708072,1.3493448,-0.0214624,-0.01565676,,,
warning,3,1.5677832,1.5615531,-0.0062301,-0.003973828,,,
opn,2,1.5530992,1.4659315,-0.0871677,-0.056125005,,,
kleur,1,1.4861547,1.5486526,0.0624979,0.042053428,,,
#NAME?,1,1.2417926,1.4014183,0.1596257,0.128544573,,,
#NAME?,3,1.4485457,1.6051352,0.1565895,0.10810118,,,
eslint-plugin-react-hooks,1,1.585707,1.2812944,-0.3044126,-0.191972792,,,
extend-shallow,5,1.935676,1.5973644,-0.3383116,-0.174776977,,,
jest-environment-jsdom,379,28.7912923,28.6011543,-0.190138,-0.006604011,,,
he,1,1.4448345,1.5035778,0.0587433,0.040657459,,,
original,4,1.5879237,2.0602397,0.472316,0.297442503,,,
redeyed,2,1.6600322,1.5947891,-0.0652431,-0.03930231,,,
har-schema,1,1.5816937,1.3694415,-0.2122522,-0.134192986,,,
#NAME?,1,1.3152926,1.4119003,0.0966077,0.073449588,,,
is-data-descriptor,2,1.5709062,1.6954325,0.1245263,0.07927036,,,
safer-buffer,1,1.3761433,1.4936864,0.1175431,0.085414869,,,
merge-source-map,2,1.538683,1.5771234,0.0384404,0.024982664,,,
ci-info,1,1.3845621,1.4031875,0.0186254,0.013452195,,,
get-port,1,1.5687533,1.3891742,-0.1795791,-0.114472492,,,
postcss,10,1.9156523,2.1720874,0.2564351,0.133863071,,,
pump,4,1.2711621,1.471083,0.1999209,0.157274119,,,
diff-sequences,1,1.3110561,1.339402,0.0283459,0.021620661,,,
inherits,1,1.4212213,1.5937869,0.1725656,0.12142064,,,
jest-matcher-utils,20,2.8081667,2.8052997,-0.002867,-0.001020951,,,
sanctuary-type-identifiers,1,11.1249181,1.2749704,-9.8499477,-0.885395075,,,
minimalistic-crypto-utils,1,1.6606564,1.3356698,-0.3249866,-0.195697677,,,
babel-generator,16,3.4219356,3.5421122,0.1201766,0.03511948,,,
yargs,27,3.3460333,4.2292892,0.8832559,0.263971043,,,
shelljs,16,2.2774206,2.2641645,-0.0132561,-0.005820664,,,
react-dom,7,2.4638789,2.1966349,-0.267244,-0.108464746,,,
#NAME?,11,2.0102233,2.2335833,0.22336,0.111112034,,,
assign-symbols,1,1.47127,1.3505313,-0.1207387,-0.082064271,,,
through,1,1.6281869,1.6267807,-0.0014062,-0.00086366,,,
xhr-mock,8,1.7982275,1.7280351,-0.0701924,-0.039034216,,,
camelcase,1,1.4229405,1.5567657,0.1338252,0.094048346,,,
strip-ansi,2,1.4449354,1.7082762,0.2633408,0.182250916,,,
fs-promise,9,1.6636121,1.7353487,0.0717366,0.04312099,,,
path-to-regexp,1,1.3507896,1.6372196,0.28643,0.212046347,,,
json5,2,1.6041446,1.4769262,-0.1272184,-0.079306068,,,
extend,1,1.6012953,1.3880184,-0.2132769,-0.133190237,,,
discontinuous-range,1,1.4616488,1.6937314,0.2320826,0.158781371,,,
protocol-buffers-schema,1,1.2923796,1.3029586,0.010579,0.008185675,,,
strip-ansi,2,1.4582081,1.6216951,0.163487,0.112114999,,,
webpack,393,20.3478666,20.5894925,0.2416259,0.011874753,,,
path-exists,1,1.4064395,1.4546368,0.0481973,0.034269018,,,
decamelize,1,1.1981801,1.478478,0.2802979,0.233936367,,,
anymatch,3,1.4932523,1.7188338,0.2255815,0.151067238,,,
#NAME?,2,1.5005896,1.5219059,0.0213163,0.014205283,,,
arr-union,1,1.434046,1.4869943,0.0529483,0.036922316,,,
#NAME?,4,2.0270726,1.9376184,-0.0894542,-0.044129747,,,
errno,2,1.5557009,1.4177619,-0.137939,-0.088666787,,,
glob,11,2.1179274,1.8641719,-0.2537555,-0.119813125,,,
postcss,10,2.0667613,1.9949256,-0.0718357,-0.034757618,,,
dropbox,5,3.0464841,2.9084836,-0.1380005,-0.045298283,,,
assert-plus,1,1.3595518,1.1964795,-0.1630723,-0.119945632,,,
methods,1,1.330266,1.3676181,0.0373521,0.02807867,,,
#NAME?,1,1.3220228,1.3811926,0.0591698,0.044757019,,,
postcss-reporter,13,2.5308835,2.6186827,0.0877992,0.034691127,,,
#NAME?,5,8.4445197,8.1796422,-0.2648775,-0.031366793,,,
process-nextick-args,1,1.4473645,1.424643,-0.0227215,-0.015698533,,,
ejs,1,1.347264,1.5137729,0.1665089,0.123590402,,,
#NAME?,30,11.5882186,11.9710109,0.3827923,0.033032886,,,
acorn,1,2.0767154,1.2814623,-0.7952531,-0.382937932,,,
expand-range,10,1.6566628,1.6208008,-0.035862,-0.021647133,,,
glob-watcher,215,9.4477602,8.9972609,-0.4504993,-0.047683185,,,
encodeurl,1,1.4813968,1.3572624,-0.1241344,-0.08379551,,,
object-keys,1,1.4258328,1.4475528,0.02172,0.015233203,,,
jest-docblock,2,1.3038766,1.7309726,0.427096,0.327558605,,,
wide-align,5,1.7150449,1.7210072,0.0059623,0.003476469,,,
request,48,3.8848408,3.5946838,-0.290157,-0.074689547,,,
util.promisify,17,4.1904208,3.465785,-0.7246358,-0.172926738,,,
arrify,1,1.5712114,1.3577323,-0.2134791,-0.135869113,,,
#NAME?,2,1.5772427,1.5904861,0.0132434,0.008396552,,,
#NAME?,20,3.1393408,3.4172075,0.2778667,0.088511161,,,
cacache,53,4.3706579,3.677913,-0.6927449,-0.158498999,,,
code-point-at,1,1.4599673,1.295066,-0.1649013,-0.112948626,,,
compare-versions,1,1.3804532,1.5611113,0.1806581,0.130868689,,,
object-keys,1,1.4519513,1.4914058,0.0394545,0.027173432,,,
strict-uri-encode,1,1.3144746,1.4092251,0.0947505,0.072082412,,,
semver,1,1.2925764,1.5166676,0.2240912,0.173367857,,,
tslint,37,4.3916778,4.5130746,0.1213968,0.027642465,,,
normalize-url,1,1.3133189,1.4029814,0.0896625,0.068271689,,,
chalk,7,2.0217406,1.9082787,-0.1134619,-0.056120899,,,
path-is-absolute,1,1.3967592,1.3781265,-0.0186327,-0.013339952,,,
#NAME?,7,1.9768176,2.4133584,0.4365408,0.220830086,,,
lodash._basebind,8,1.7325006,1.9354235,0.2029229,0.117127174,,,
repeat-string,1,1.5802914,1.4574674,-0.122824,-0.077722374,,,
jsbn,1,1.2374062,1.4264605,0.1890543,0.152782732,,,
chownr,1,1.1468772,1.3906236,0.2437464,0.212530513,,,
csv-generate,1,1.9854874,1.508178,-0.4773094,-0.240399108,,,
html-encoding-sniffer,4,1.6970876,1.8863355,0.1892479,0.111513336,,,
#NAME?,2,1.5074897,1.6910048,0.1835151,0.121735558,,,
redux,4,1.5708561,1.722086,0.1512299,0.096272281,,,
babel-runtime,3,2.2476003,2.4589154,0.2113151,0.094018096,,,
object-visit,2,1.4043012,1.5248948,0.1205936,0.085874455,,,
node-gyp,101,6.8639446,6.9891568,0.1252122,0.018242018,,,
debug,2,1.6016558,1.6248586,0.0232028,0.014486758,,,
object-assign,1,1.3020884,1.4073008,0.1052124,0.080802809,,,
function-bind,1,1.5629574,1.4560827,-0.1068747,-0.068379791,,,
tmp,13,2.2968937,2.1626423,-0.1342514,-0.058449113,,,
detect-newline,1,1.3083311,2.0561788,0.7478477,0.571604313,,,
diff,1,1.3670789,1.4243865,0.0573076,0.041919746,,,
nyc,135,11.5197927,11.3772486,-0.1425441,-0.012373842,,,
#NAME?,1,1.5419003,1.3268254,-0.2150749,-0.139486905,,,
object-visit,2,1.6741587,1.5119094,-0.1622493,-0.096913931,,,
decode-uri-component,1,1.3920974,1.4384591,0.0463617,0.033303489,,,
pend,1,1.2999909,1.3493937,0.0494028,0.03800242,,,
object-copy,10,1.9687526,1.8495512,-0.1192014,-0.060546663,,,
is-resolvable,1,1.41839,1.4506636,0.0322736,0.022753686,,,
chalk,7,2.0645393,1.8440893,-0.22045,-0.10677927,,,
ssri,4,2.1853594,1.7556845,-0.4296749,-0.196615211,,,
postcss-value-parser,1,1.410096,1.3414708,-0.0686252,-0.048667041,,,
os-locale,27,2.9292148,2.9950947,0.0658799,0.022490635,,,
xml2js,3,1.6852768,1.667473,-0.0178038,-0.010564318,,,
babel-code-frame,10,2.0773849,1.9798737,-0.0975112,-0.0469394,,,
postcss-modules-local-by-default,17,2.4734429,3.2208338,0.7473909,0.302166223,,,
#NAME?,20,2.9869387,2.9271241,-0.0598146,-0.020025386,,,
parse-headers,1,1.4267202,1.5740201,0.1472999,0.103243719,,,
webpack-dev-middleware,19,2.5912667,2.1517264,-0.4395403,-0.169623721,,,
cacache,53,3.9814264,4.198173,0.2167466,0.054439434,,,
terser,5,2.0051907,1.8240984,-0.1810923,-0.090311759,,,
cssdb,1,1.4187437,1.5844068,0.1656631,0.116767461,,,
apollo-cache,6,1.9467528,1.6997789,-0.2469739,-0.126864541,,,
postcss-focus-within,11,2.1182559,2.3055074,0.1872515,0.088398904,,,
chokidar,15,2.365208,2.3698044,0.0045964,0.001943339,,,
clean-urls,79,6.0048662,5.6642058,-0.3406604,-0.056730723,,,
batch,1,1.4187716,1.3119627,-0.1068089,-0.07528266,,,
extend-shallow,5,1.9364808,1.8518631,-0.0846177,-0.043696638,,,
ast-types-flow,1,1.6066436,1.4796664,-0.1269772,-0.079032587,,,
git-source,6,1.7706697,2.1766663,0.4059966,0.229289856,,,
decode-uri-component,1,1.35769,1.3801345,0.0224445,0.016531388,,,
p-reduce,1,1.2912464,1.8173518,0.5261054,0.407439974,,,
whatwg-url,5,1.6075809,1.8652331,0.2576522,0.16027324,,,
find-cache-dir,11,2.0533513,2.1212098,0.0678585,0.033047682,,,
sass-graph,69,6.1424128,5.7548078,-0.387605,-0.063103053,,,
debug,2,1.6970155,1.4446407,-0.2523748,-0.14871685,,,
css-blank-pseudo,11,2.3646791,2.2111086,-0.1535705,-0.064943484,,,
#NAME?,19,3.2795773,3.38246,0.1028827,0.03137072,,,
yallist,1,1.346857,1.3908632,0.0440062,0.032673253,,,
is-descriptor,1,1.2475858,1.4794848,0.231899,0.185878198,,,
term-size,1,2.4824182,1.3436686,-1.1387496,-0.458725931,,,
can-use-dom,1,1.5183006,1.293384,-0.2249166,-0.148137069,,,
forever-agent,1,1.3522629,1.6405802,0.2883173,0.213210981,,,
#NAME?,1,1.4578402,1.3804939,-0.0773463,-0.053055403,,,
postcss,10,3.0772836,2.2207253,-0.8565583,-0.278348833,,,
trim-repeated,2,1.4610991,1.5476862,0.0865871,0.05926162,,,
to-regex,14,2.004654,2.2509603,0.2463063,0.122867238,,,
esprima,1,1.3337315,1.5851819,0.2514504,0.1885315,,,
json-schema,1,1.1867593,1.4061989,0.2194396,0.184906577,,,
regenerator-transform,2,1.388603,1.6664846,0.2778816,0.200115944,,,
slide,1,1.2360826,1.3670039,0.1309213,0.105916304,,,
#NAME?,32,3.589145,4.507971,0.918826,0.25600136,,,
p-limit,2,1.3707917,1.5459989,0.1752072,0.127814605,,,
browserify-des,6,1.8911344,1.7459224,-0.145212,-0.076785658,,,
node-gyp,101,6.7036816,6.7134951,0.0098135,0.001463897,,,
etag,1,1.5044818,1.7772595,0.2727777,0.18131007,,,
is-upper-case,2,1.1805967,1.4382619,0.2576652,0.218249975,,,
json-stringify-safe,1,1.2865923,1.6149447,0.3283524,0.255210916,,,
source-map,1,1.4998564,1.5682726,0.0684162,0.045615167,,,
glob,11,2.0447161,1.9912763,-0.0534398,-0.02613556,,,
postcss-discard-comments,11,2.0416717,2.1610021,0.1193304,0.058447399,,,
jest-message-util,283,19.7394076,19.8942177,0.1548101,0.007842692,,,
better-queue-memory,1,1.4093011,1.2244838,-0.1848173,-0.131141102,,,
dompurify,1,1.2780111,1.4664474,0.1884363,0.147444964,,,
#NAME?,89,7.5005283,6.9231943,-0.577334,-0.076972445,,,
qs,1,1.736125,1.3791193,-0.3570057,-0.205633638,,,
fs-constants,1,1.2932275,1.4200382,0.1268107,0.098057534,,,
fastparse,1,1.4475505,1.3386666,-0.1088839,-0.075219414,,,
tmpl,1,1.516764,1.4851882,-0.0315758,-0.020817873,,,
buffer-alloc-unsafe,1,1.3485725,1.3080213,-0.0405512,-0.030069722,,,
apollo-tracing,48,14.6625653,14.6868782,0.0243129,0.001658161,,,
bl,6,1.925042,2.0230578,0.0980158,0.050916188,,,
#NAME?,18,4.255016,3.4481567,-0.8068593,-0.189625444,,,
#NAME?,5,2.1476558,2.1208405,-0.0268153,-0.012485846,,,
sax,1,1.4940086,1.6743177,0.1803091,0.120688127,,,
#NAME?,22,3.8573946,3.5593238,-0.2980708,-0.077272571,,,
supports-color,2,1.5644678,1.997803,0.4333352,0.276985694,,,
setprototypeof,1,1.3931472,1.5011116,0.1079644,0.077496764,,,
regjsgen,1,1.2406225,1.414276,0.1736535,0.139972877,,,
babel-plugin-transform-es2015-duplicate-keys,8,3.0435295,2.9151764,-0.1283531,-0.042172451,,,
engine.io-client,22,2.2478206,2.5896983,0.3418777,0.152092965,,,
normalize-package-data,10,2.1055774,2.0485892,-0.0569882,-0.027065355,,,
jest-config,447,35.0888416,35.0907538,0.0019122,5.45E-05,,,
glob,11,2.0951716,1.9371623,-0.1580093,-0.075415923,,,
inquirer,37,6.8869318,6.2758747,-0.6110571,-0.088727044,,,
sails.io.js-dist,1,1.4021005,1.5023963,0.1002958,0.071532533,,,
shebang-command,2,1.6393758,1.5079446,-0.1314312,-0.08017149,,,
es6-promise,1,1.2497758,1.4467382,0.1969624,0.157598187,,,
css-loader,36,4.3762584,4.1815276,-0.1947308,-0.044497098,,,
#NAME?,11,2.1882945,2.4249974,0.2367029,0.108167753,,,
timers-browserify,2,1.5269175,1.647796,0.1208785,0.07916505,,,
tmp,13,2.4544819,2.0231713,-0.4313106,-0.175723683,,,
define-property,6,1.7208469,1.6893944,-0.0314525,-0.018277338,,,
#NAME?,4,1.9742181,2.0372374,0.0630193,0.031921144,,,
worker-farm,3,1.3869156,1.6374967,0.2505811,0.180675089,,,
isobject,1,1.3972077,1.5870337,0.189826,0.135860975,,,
duplexify,10,2.1731612,2.0061213,-0.1670399,-0.076864938,,,
is-symbol,2,1.5767929,1.4483549,-0.128438,-0.081455212,,,
object-visit,2,1.4590895,1.5606214,0.1015319,0.069585793,,,
get-stream,5,1.6521535,1.7751836,0.1230301,0.074466507,,,
#NAME?,60,7.2681167,7.3164099,0.0482932,0.006644527,,,
is-path-in-cwd,2,1.3447519,1.5074128,0.1626609,0.120959784,,,
workbox-precaching,2,1.6200896,1.6495669,0.0294773,0.018194858,,,
measured-reporting,6,2.1092931,1.5485731,-0.56072,-0.265833136,,,
fresh,1,1.5176847,1.2406047,-0.27708,-0.182567565,,,
regenerate,1,1.3599162,1.4764975,0.1165813,0.085726826,,,
array-filter,1,1.6187608,1.4562156,-0.1625452,-0.100413353,,,
async-limiter,1,1.6123419,1.3525224,-0.2598195,-0.161144172,,,
get-stdin,1,1.4342858,1.3660761,-0.0682097,-0.047556561,,,
lodash.defaults,1,1.279942,1.3560041,0.0760621,0.059426208,,,
semver-truncate,2,1.4243388,1.3337777,-0.0905611,-0.063581151,,,
opentracing,1,1.0942798,1.2051151,0.1108353,0.10128607,,,
uniq,1,1.300412,1.5745818,0.2741698,0.210833028,,,
atob,1,1.1669203,1.2087183,0.041798,0.03581907,,,
eslint-plugin-angular,1,1.2341334,1.4801519,0.2460185,0.199345144,,,
serve-index,15,2.0341681,2.4415599,0.4073918,0.200274402,,,
async,1,1.3930708,1.4768035,0.0837327,0.060106565,,,
rimraf,12,2.0755178,2.069342,-0.0061758,-0.002975547,,,
clone-stats,1,1.5324783,1.3847822,-0.1476961,-0.096377286,,,
isarray,1,1.59625,1.4480995,-0.1481505,-0.09281159,,,
supports-color,2,1.3596438,2.4311612,1.0715174,0.78808685,,,
map-cache,1,1.2916045,1.6180603,0.3264558,0.252752139,,,
create-hmac,9,1.7822047,1.9103841,0.1281794,0.071921817,,,
path-dirname,1,1.5741517,1.373646,-0.2005057,-0.12737381,,,
natural-compare,1,1.274213,1.3916885,0.1174755,0.092194555,,,
string-length,4,1.5804632,1.7109514,0.1304882,0.082563264,,,
eslint-plugin-react,31,5.0699417,5.1248698,0.0549281,0.010834069,,,
strip-indent,2,1.4323963,1.3088823,-0.123514,-0.08622893,,,
vary,1,1.5508698,1.4032429,-0.1476269,-0.095189744,,,
#NAME?,128,24.9363051,24.4019032,-0.5344019,-0.021430677,,,
brace-expansion,3,1.6175478,1.6914349,0.0738871,0.045678465,,,
lodash.tail,1,2.3227905,1.3292215,-0.993569,-0.427748004,,,
is-wsl,1,1.3603866,1.6256876,0.265301,0.195018828,,,
methods,1,1.5311656,1.280491,-0.2506746,-0.163714885,,,
cross-spawn,6,1.7404066,1.8963944,0.1559878,0.089627217,,,
saucelabs,97,6.1578565,6.6942681,0.5364116,0.087110117,,,
detect-file,1,1.7169402,11.3506306,9.6336904,5.610964435,,,
node-cache,2,1.9648887,1.6439601,-0.3209286,-0.163331694,,,
rc,5,1.5947229,1.7647818,0.1700589,0.106638526,,,
#NAME?,3,1.499073,1.5286692,0.0295962,0.019743001,,,
is-descriptor,1,1.3901927,1.4443657,0.054173,0.038967979,,,
regex-not,8,1.9786333,1.9748502,-0.0037831,-0.001911976,,,
sax,1,1.4517786,1.6374405,0.1856619,0.127885822,,,
qs,1,1.3254497,1.4761988,0.1507491,0.113734305,,,
cache-manager-fs-hash,4,1.4985657,1.69409,0.1955243,0.130474293,,,
core-util-is,1,1.4196172,1.2970505,-0.1225667,-0.086337852,,,
pump,4,1.6393702,1.6285209,-0.0108493,-0.006617968,,,
util,21,3.5899438,3.6128159,0.0228721,0.006371158,,,
del,47,4.5072969,4.7073759,0.200079,0.04439002,,,
#NAME?,15,3.0279486,3.0285514,0.0006028,0.000199079,,,
setprototypeof,1,1.2655287,1.4126618,0.1471331,0.11626216,,,
json-api-normalizer,2,1.6326084,1.6993052,0.0666968,0.040852908,,,
stylelint-selector-bem-pattern,282,26.0178369,26.3487582,0.3309213,0.012719017,,,
fill-range,3,1.5265601,1.719732,0.1931719,0.126540645,,,
remove-trailing-separator,1,1.5032486,1.336729,-0.1665196,-0.110773162,,,
#NAME?,278,19.6993354,20.0267329,0.3273975,0.016619723,,,
markdown-it,7,1.7487361,1.69413,-0.0546061,-0.031226038,,,
crypto-browserify,34,3.0729367,3.134458,0.0615213,0.02002036,,,
imagemin-pngquant,231,27.2231758,15.4160144,-11.8071614,-0.433717267,,,
express,50,3.6923014,3.5849111,-0.1073903,-0.029084922,,,
clone-deep,5,1.5095351,1.7910643,0.2815292,0.186500599,,,
clone-deep,5,1.5868059,2.0887936,0.5019877,0.316351042,,,
hpack.js,12,1.7730502,2.0063212,0.233271,0.131564803,,,
array-flatten,1,1.2925321,1.3205924,0.0280603,0.021709558,,,
loglevel,1,1.4060023,1.6396837,0.2336814,0.166202715,,,
invert-kv,1,1.2990949,1.4835008,0.1844059,0.141949522,,,
regjsparser,2,1.5992584,1.4336569,-0.1656015,-0.103548932,,,
lodash.islength,1,1.348122,1.4592353,0.1111133,0.082420805,,,
raven,9,1.9380497,1.6649908,-0.2730589,-0.140893652,,,
path-root,2,1.3664479,1.6764028,0.3099549,0.226832578,,,
camelcase,1,1.6032722,1.5042767,-0.0989955,-0.061745909,,,
fill-range,3,1.4682754,1.5688482,0.1005728,0.068497232,,,
aws4,1,1.4741936,1.4652058,-0.0089878,-0.006096757,,,
babel-helper-define-map,28,4.3104048,5.3470107,1.0366059,0.240489223,,,
lodash._root,1,1.4004174,1.5325844,0.132167,0.094376862,,,
jest-validate,20,2.6326256,2.7848917,0.1522661,0.057838114,,,
buffer-fill,1,1.2641807,1.3844839,0.1203032,0.095162978,,,
#NAME?,5,1.6767422,1.58768,-0.0890622,-0.053116215,,,
async,1,1.3659021,1.3401869,-0.0257152,-0.018826532,,,
rimraf,12,3.1648523,2.0606603,-1.104192,-0.348892111,,,
resolve-url-loader,47,8.0979542,7.4003436,-0.6976106,-0.086146523,,,
glob,11,1.9641338,2.204124,0.2399902,0.122186279,,,
depd,1,1.4711293,1.3963933,-0.074736,-0.050801789,,,
glob,11,1.9098073,1.9666141,0.0568068,0.029744781,,,
readable-stream,5,1.6809466,1.8036771,0.1227305,0.07301273,,,
string.prototype.padstart,16,2.9357695,3.0930001,0.1572306,0.053556861,,,
path-parse,1,1.4119023,1.6186638,0.2067615,0.14644179,,,
json-schema-traverse,1,1.2566954,1.3579676,0.1012722,0.080586115,,,
fill-range,3,1.5295847,1.4654903,-0.0640944,-0.041903139,,,
hoek,1,1.6355487,1.3023241,-0.3332246,-0.203738721,,,
#NAME?,30,4.4967558,4.7233287,0.2265729,0.050385858,,,
stream-http,8,1.7651983,1.7789457,0.0137474,0.00778802,,,
memory-pager,1,1.4684488,1.2723124,-0.1961364,-0.133567068,,,
shallow-clone,2,1.3703895,1.4197372,0.0493477,0.036009981,,,
jest-matcher-utils,20,2.9580868,2.7339604,-0.2241264,-0.075767351,,,
p-reduce,1,1.3386833,1.3448283,0.006145,0.004590331,,,
read,2,1.636473,1.5740749,-0.0623981,-0.038129624,,,
is-relative,3,2.244049,1.6648524,-0.5791966,-0.258103366,,,
#NAME?,1,1.2526671,1.4275047,0.1748376,0.139572277,,,
graceful-readlink,1,1.3805969,1.6407342,0.2601373,0.18842379,,,
#NAME?,31,3.4257402,3.3834965,-0.0422437,-0.012331262,,,
arr-diff,1,1.4209666,1.4600642,0.0390976,0.027514792,,,
emojis-list,1,1.3120318,1.2935952,-0.0184366,-0.014051946,,,
detect-libc,1,1.2433441,1.4391248,0.1957807,0.157463006,,,
json-loader,1,1.4740139,1.3024808,-0.1715331,-0.116371426,,,
console-browserify,1,1.335273,1.4644605,0.1291875,0.096749878,,,
postcss-custom-media,11,2.4036221,2.1705192,-0.2331029,-0.096979846,,,
escodegen,12,1.7080786,1.844205,0.1361264,0.07969563,,,
#NAME?,28,3.8954045,4.1026676,0.2072631,0.05320708,,,
rfdc,1,1.3331799,1.6695872,0.3364073,0.252334512,,,
babel-plugin-transform-async-to-generator,30,4.2403314,4.2474154,0.007084,0.001670624,,,
jest-each,23,3.0442402,2.9536956,-0.0905446,-0.029742922,,,
debug,2,1.4057471,1.6083846,0.2026375,0.144149328,,,
uglify-js,3,1.6556765,1.7936078,0.1379313,0.083308122,,,
interpret,1,1.395156,1.3372838,-0.0578722,-0.041480809,,,
delayed-stream,1,1.2655864,1.2437168,-0.0218696,-0.017280211,,,
is-fullwidth-code-point,1,1.2332471,1.4166527,0.1834056,0.148717641,,,
sass,16,3.5212165,3.2822225,-0.238994,-0.067872566,,,
snyk-gradle-plugin,15,2.0751107,2.3205021,0.2453914,0.118254607,,,
node-fetch,1,1.3887586,1.3579093,-0.0308493,-0.02221358,,,
urix,1,1.3185915,1.4637431,0.1451516,0.110080795,,,
abort-controller,2,1.3699955,1.5751567,0.2051612,0.149753193,,,
isarray,1,1.4708443,1.4248023,-0.046042,-0.031303109,,,
prompts,3,1.4551541,1.4318657,-0.0232884,-0.016004078,,,
load-json-file,20,2.8588875,2.5711469,-0.2877406,-0.100647752,,,
shebang-regex,1,1.4479534,1.5306215,0.0826681,0.057093067,,,
#NAME?,1,1.3570841,1.3565721,-0.000512,-0.000377279,,,
string_decoder,2,1.7009689,1.6009215,-0.1000474,-0.058817889,,,
camelcase,1,1.2819755,1.3470515,0.065076,0.050762281,,,
copy-descriptor,1,1.5815034,1.5695725,-0.0119309,-0.007544024,,,
hoist-non-react-statics,2,1.410108,1.4602111,0.0501031,0.035531392,,,
babel-helper-to-multiple-sequence-expressions,1,1.4510306,1.4924974,0.0414668,0.028577481,,,
sass-graph,69,5.3318116,5.376889,0.0450774,0.008454425,,,
object.entries,16,3.0894453,3.0992785,0.0098332,0.003182837,,,
setprototypeof,1,1.3865443,1.8689466,0.4824023,0.347916976,,,
tap-yaml,4,1.8879151,1.9860689,0.0981538,0.051990579,,,
resolve-url,1,1.2844529,1.2746894,-0.0097635,-0.007601291,,,
webpack-log,10,2.0392703,2.2374992,0.1982289,0.0972058,,,
require-directory,1,1.2985371,1.5721097,0.2735726,0.210677539,,,
chalk,7,1.9930247,2.0538496,0.0608249,0.030518889,,,
vm-browserify,1,1.6475199,1.4037428,-0.2437771,-0.147966103,,,
setprototypeof,1,1.3577665,1.7444004,0.3866339,0.284757283,,,
minimist,1,1.3962901,1.5507897,0.1544996,0.110650072,,,
unicode-property-aliases-ecmascript,1,1.4839738,1.4641455,-0.0198283,-0.013361624,,,
d,8,4.0069055,3.9663413,-0.0405642,-0.010123573,,,
tough-cookie,4,1.4522269,1.686962,0.2347351,0.161638033,,,
npm-bundled,2,1.3485635,1.5262463,0.1776828,0.131757088,,,
error-ex,2,1.5154388,1.6348926,0.1194538,0.078824562,,,
arr-flatten,1,1.3403436,1.4525845,0.1122409,0.083740393,,,
tiny-warning,1,1.5772316,1.5148687,-0.0623629,-0.039539469,,,
#NAME?,29,3.7101631,4.4121215,0.7019584,0.189198798,,,
modify-values,1,1.2724411,1.4051971,0.132756,0.104331745,,,
normalize-range,1,1.4972045,1.359249,-0.1379555,-0.092142055,,,
source-list-map,1,1.321432,1.3032057,-0.0182263,-0.01379284,,,
shellwords,1,1.3404222,1.5541728,0.2137506,0.15946513,,,
normalize-package-data,10,2.0858377,2.0686701,-0.0171676,-0.008230554,,,
json5,2,1.533115,1.5448542,0.0117392,0.00765709,,,
regexp.prototype.flags,16,2.8671986,3.3157921,0.4485935,0.156457073,,,
core-js-compat,7,2.898814,3.3403955,0.4415815,0.152331781,,,
tiny-invariant,1,1.2420991,1.364448,0.1223489,0.098501722,,,
load-json-file,20,2.3116229,2.6766843,0.3650614,0.157924288,,,
portscanner,5,2.0671711,2.0750029,0.0078318,0.003788656,,,
generate-function,2,1.4143352,1.4620268,0.0476916,0.033720153,,,
jss-plugin-props-sort,7,2.3195715,2.2381563,-0.0814152,-0.035099241,,,
is-ssh,2,1.4423258,1.5172884,0.0749626,0.051973417,,,
postcss-discard-comments,11,2.288313,2.4528084,0.1644954,0.071885009,,,
postcss-color-mod-function,16,2.3224202,2.6020095,0.2795893,0.120387043,,,
create-hmac,9,1.7298565,1.9371626,0.2073061,0.119840056,,,
babel-helper-optimise-call-expression,8,3.0174797,3.2300977,0.212618,0.070462114,,,
color-name,1,1.3871823,1.3157832,-0.0713991,-0.051470596,,,
get-func-name,1,1.4063499,1.5490416,0.1426917,0.101462445,,,
type-check,2,1.366501,1.3881399,0.0216389,0.015835261,,,
#NAME?,2,1.3195342,1.4516015,0.1320673,0.100086303,,,
https-proxy-agent,4,1.6719254,1.8389939,0.1670685,0.09992581,,,
array.prototype.flat,16,3.3696577,3.2649966,-0.1046611,-0.031059861,,,
ajv,6,1.7931239,2.1499861,0.3568622,0.199017034,,,
inherits,1,1.3151629,1.5603978,0.2452349,0.186467319,,,
requizzle,2,1.8285208,1.8721901,0.0436693,0.02388231,,,
merge-stream,1,1.360384,1.3629382,0.0025542,0.001877558,,,
memory-pager,1,1.279518,1.4188883,0.1393703,0.108924064,,,
#NAME?,1,1.4534812,1.5415377,0.0880565,0.060583171,,,
replace-ext,1,1.2211155,1.3980816,0.1769661,0.144921672,,,
jest-util,18,2.8784062,2.6703238,-0.2080824,-0.072290839,,,
core-util-is,1,1.5204384,1.3426307,-0.1778077,-0.116945021,,,
lru-cache,2,1.937818,1.403411,-0.534407,-0.275777705,,,
parse-filepath,9,2.2676007,1.9499907,-0.31761,-0.140064342,,,
default-compare,2,1.4494699,1.4926729,0.043203,0.029806069,,,
gtoken,19,3.1234621,2.9687685,-0.1546936,-0.049526325,,,
object.fromentries,16,3.088181,3.2314457,0.1432647,0.04639129,,,
pako,1,1.5217835,1.3788197,-0.1429638,-0.093944901,,,
faye-websocket,5,1.6542274,1.6071174,-0.04711,-0.028478551,,,
fs-extra,4,1.305616,2.5369114,1.2312954,0.943076218,,,
webpack,393,19.854376,20.2617617,0.4073857,0.020518686,,,
#NAME?,19,2.4062105,2.6290915,0.222881,0.092627391,,,
marked-terminal,19,2.8465395,2.9587871,0.1122476,0.039433003,,,
base-64,1,1.1746727,1.4875503,0.3128776,0.266353002,,,
map-visit,3,1.5229786,1.7943671,0.2713885,0.178195872,,,
get-stream,5,1.7166447,1.8835092,0.1668645,0.097203865,,,
any-promise,1,1.268815,1.5668328,0.2980178,0.234878844,,,
buffer-equal-constant-time,1,1.3591463,1.520352,0.1612057,0.118608056,,,
commander,1,1.2663949,1.4943204,0.2279255,0.179979799,,,
caller-path,3,1.7086056,2.5740324,0.8654268,0.506510572,,,
postcss-discard-empty,11,2.3763944,2.3270944,-0.0493,-0.020745715,,,
string-width,5,1.779912,1.6826541,-0.0972579,-0.054641971,,,
to-no-case,1,2.2852292,1.2772229,-1.0080063,-0.441096368,,,
global-tunnel-ng,9,2.1952667,2.3217241,0.1264574,0.057604573,,,
flatten,1,1.331799,1.3992804,0.0674814,0.050669358,,,
cliui,11,2.5121358,2.1727542,-0.3393816,-0.135096837,,,
isobject,1,1.4120216,1.4900899,0.0780683,0.055288319,,,
chownr,1,1.4898879,1.4359574,-0.0539305,-0.03619769,,,
string-width,5,1.8145315,1.5439027,-0.2706288,-0.149145275,,,
is-ci,2,1.3986065,1.7511866,0.3525801,0.252093852,,,
semver,1,1.2935723,1.3946052,0.1010329,0.078103791,,,
geojson-equality,20,3.629133,3.7448204,0.1156874,0.031877421,,,
#NAME?,88,6.1478948,6.8839442,0.7360494,0.119723812,,,
isobject,1,1.1641943,1.1589538,-0.0052405,-0.004501396,,,
cypress,191,30.1325083,31.0797821,0.9472738,0.031436938,,,
sax,1,1.2914968,2.9199025,1.6284057,1.260867003,,,
oauth-sign,1,1.2833587,1.5593887,0.27603,0.21508406,,,
lodash.clonedeep,1,1.3302585,1.6958052,0.3655467,0.274793734,,,
tslint-consistent-codestyle,9,2.3260977,2.2138491,-0.1122486,-0.048256185,,,
graceful-fs,1,1.4778391,2.3203128,0.8424737,0.570071329,,,
supports-color,2,1.4956424,1.6328324,0.13719,0.091726472,,,
imurmurhash,1,1.2741139,1.462503,0.1883891,0.147858916,,,
ansi-regex,1,1.5377254,1.394191,-0.1435344,-0.093342023,,,
ansi-align,6,1.6772257,1.6791368,0.0019111,0.001139441,,,
react-app-polyfill,9,7.8793163,8.0707796,0.1914633,0.024299481,,,
ignore,1,1.368303,1.5077792,0.1394762,0.101933709,,,
uuid,1,1.4473567,1.5174986,0.0701419,0.048462069,,,
ee-first,1,1.4787389,1.4672299,-0.011509,-0.007782983,,,
ember-cli-preprocess-registry,89,7.6216253,7.1944065,-0.4272188,-0.056053503,,,
has-value,5,1.7808988,2.1051705,0.3242717,0.182083171,,,
web3-eth-personal,80,13.2991979,14.0649366,0.7657387,0.057577811,,,
mixin-deep,1,1.2873758,1.6869612,0.3995854,0.310387534,,,
stream-shift,1,1.4871609,2.8056231,1.3184622,0.886563249,,,
tslib,1,1.3055187,1.4131025,0.1075838,0.082406939,,,
zwitch,1,1.5081727,1.4157589,-0.0924138,-0.061275343,,,
ordered-ast-traverse,2,1.6373802,1.5485259,-0.0888543,-0.054266138,,,
#NAME?,1,1.3409558,1.5755006,0.2345448,0.174908673,,,
ansi-escapes,2,1.3678246,1.7325788,0.3647542,0.266667378,,,
#NAME?,6,4.3625006,4.6328986,0.270398,0.061982341,,,
path-exists,1,1.3323772,1.4361158,0.1037386,0.077859783,,,
#NAME?,32,4.1288429,4.3189357,0.1900928,0.046040211,,,
micromatch,6,1.9494876,1.9430487,-0.0064389,-0.003302868,,,
d3-transition,7,1.7436375,1.7784569,0.0348194,0.019969403,,,
class-validator,4,1.6788584,1.6690448,-0.0098136,-0.005845401,,,
bail,1,1.3524673,1.3201723,-0.032295,-0.023878581,,,
parseurl,1,1.3527844,1.5879393,0.2351549,0.173830287,,,
har-schema,1,1.341698,1.3319038,-0.0097942,-0.007299854,,,
socket.io-adapter,1,1.1959507,1.52064,0.3246893,0.271490539,,,
npm-run-path,2,1.3841191,1.5683018,0.1841827,0.133068534,,,
type-fest,1,1.4751134,1.3522008,-0.1229126,-0.08332417,,,
chalk,7,1.8225401,2.0431408,0.2206007,0.121040245,,,
is-extendable,3,1.4886482,1.6979097,0.2092615,0.140571493,,,
strip-ansi,2,1.4268818,1.5078753,0.0809935,0.056762585,,,
cliui,11,2.2930903,2.2268148,-0.0662755,-0.028902263,,,
is-glob,2,1.4973001,1.5692387,0.0719386,0.048045545,,,
pako,1,1.6876543,1.4668895,-0.2207648,-0.130811624,,,
copy-concurrently,28,2.7042159,3.1085735,0.4043576,0.149528593,,,
shallowequal,1,1.3868741,1.2780192,-0.1088549,-0.078489388,,,
glob-parent,3,1.7465176,1.5449986,-0.201519,-0.11538332,,,
upath,1,1.3606334,1.4918756,0.1312422,0.096456694,,,
homedir-polyfill,2,1.4957445,1.5569506,0.0612061,0.040920157,,,
rimraf,12,2.261266,2.1069729,-0.1542931,-0.068233061,,,
type-check,2,1.4745891,1.3833856,-0.0912035,-0.061850111,,,
imurmurhash,1,2.257271,3.3106758,1.0534048,0.466671835,,,
vue-property-decorator,2,1.0917967,1.1643366,0.0725399,0.066440849,,,
acorn,1,1.8254648,1.359355,-0.4661098,-0.255337599,,,
urix,1,1.4200965,1.3642792,-0.0558173,-0.039305287,,,
map-obj,1,1.7373709,1.3982168,-0.3391541,-0.195211109,,,
common-tags,1,1.3522997,1.5128738,0.1605741,0.118741504,,,
external-editor,6,2.1320294,1.8772534,-0.254776,-0.11949929,,,
#NAME?,1,1.5109546,1.75035,0.2393954,0.158439837,,,
#NAME?,11,2.2732547,2.4353172,0.1620625,0.071290956,,,
vm-browserify,1,1.5106471,1.3513,-0.1593471,-0.105482677,,,
koalas,1,1.5393693,1.5472275,0.0078582,0.005104818,,,
joi,5,1.6350299,1.8198354,0.1848055,0.11302882,,,
getpass,2,1.5200167,1.7572199,0.2372032,0.156053022,,,
jest-message-util,283,20.3694809,20.2138667,-0.1556142,-0.007639576,,,
postcss-discard-overridden,11,2.6008531,2.197821,-0.4030321,-0.154961501,,,
eslint-plugin-flowtype,2,1.8084285,1.7805376,-0.0278909,-0.015422728,,,
minipass,2,1.6739422,1.4272054,-0.2467368,-0.147398638,,,
spdx-exceptions,1,1.2586793,1.6437288,0.3850495,0.305915494,,,
find-root,1,1.4838728,1.457634,-0.0262388,-0.017682648,,,
object.getownpropertydescriptors,16,2.9423306,3.0070041,0.0646735,0.021980365,,,
colors,1,1.5350083,1.3918938,-0.1431145,-0.093233698,,,
istanbul-lib-instrument,40,5.1959707,5.4261487,0.230178,0.044299326,,,
react-moment-proptypes,2,2.1476006,2.3772927,0.2296921,0.106952894,,,
glob-parent,3,2.2548429,1.5392655,-0.7155774,-0.317351333,,,
dir-glob,2,1.3563802,1.4858128,0.1294326,0.095425014,,,
detect-newline,1,1.3749267,1.3295396,-0.0453871,-0.03301056,,,
#NAME?,2,1.6716881,1.7972144,0.1255263,0.075089546,,,
#NAME?,1,1.5266984,1.6358565,0.1091581,0.071499453,,,
debug,2,1.7390074,1.4129818,-0.3260256,-0.187477983,,,
csstype,1,1.653034,1.3054887,-0.3475453,-0.210246916,,,
webpack-dev-server,471,28.5530125,26.7985026,-1.7545099,-0.061447453,,,
supports-color,2,1.4749535,1.8867487,0.4117952,0.279191988,,,
ipaddr.js,1,1.4629731,2.198793,0.7358199,0.502962016,,,
array-map,1,1.4581861,1.5279861,0.0698,0.04786769,,,
jest-runtime,437,33.4022048,33.776132,0.3739272,0.011194686,,,
unique-filename,3,2.1834067,1.6706721,-0.5127346,-0.234832384,,,
js-tokens,1,1.3781799,1.5353682,0.1571883,0.114054994,,,
dom-converter,2,1.5934299,1.47508,-0.1183499,-0.074273678,,,
util.promisify,17,3.5002522,3.5119213,0.0116691,0.003333788,,,
eslint-import-resolver-node,5,1.6395763,1.637901,-0.0016753,-0.001021788,,,
jasmine-core,1,1.4277099,1.5338283,0.1061184,0.074327705,,,
eslint-scope,3,1.6908984,1.4312211,-0.2596773,-0.153573568,,,
react-test-renderer,7,2.1121135,2.187354,0.0752405,0.035623322,,,
forever-agent,1,1.2855057,1.4505324,0.1650267,0.128374927,,,
fb,56,5.2210721,5.2969523,0.0758802,0.014533452,,,
jsesc,1,1.3535789,1.4789155,0.1253366,0.092596449,,,
header-case,6,1.7849369,1.8334256,0.0484887,0.027165498,,,
glob,11,1.9980293,1.9100899,-0.0879394,-0.044013068,,,
is-plain-object,2,1.3523111,1.7199741,0.367663,0.271877529,,,
parallel-transform,10,1.7856746,2.0687981,0.2831235,0.158552684,,,
json3,1,1.3135515,1.5654952,0.2519437,0.191803443,,,
optionator,7,1.5447226,1.5745823,0.0298597,0.019330137,,,
path-exists,1,1.5753123,1.5595346,-0.0157777,-0.010015601,,,
wrappy,1,1.3515402,1.4798794,0.1283392,0.094957738,,,
inflight,3,1.5218148,1.6205826,0.0987678,0.064901327,,,
lodash.unescape,1,1.526309,1.3339592,-0.1923498,-0.126022843,,,
#NAME?,114,7.9648202,7.9175407,-0.0472795,-0.005936041,,,
babel-preset-jest,10,2.4102631,2.5760438,0.1657807,0.068781163,,,
camelcase,1,1.4370798,1.4162992,-0.0207806,-0.014460296,,,
postcss-selector-matches,12,2.454248,2.5357408,0.0814928,0.033204794,,,
faye-websocket,5,1.5884196,1.8994423,0.3110227,0.195806385,,,
regjsparser,2,1.5233753,1.7165883,0.193213,0.126832173,,,
evp_bytestokey,5,1.7270694,2.039639,0.3125696,0.180982652,,,
#NAME?,2,1.4932863,1.8617693,0.368483,0.246759781,,,
scriptjs,1,1.409981,1.3728728,-0.0371082,-0.026318227,,,
inquirer,37,6.8472317,6.3592248,-0.4880069,-0.071270686,,,
object-visit,2,1.3889167,1.4576986,0.0687819,0.049521976,,,
isstream,1,1.2689548,1.3169094,0.0479546,0.037790629,,,
is-utf8,1,1.4455697,1.4322988,-0.0132709,-0.009180394,,,
jest-matcher-utils,20,3.0084902,2.7741751,-0.2343151,-0.077884615,,,
fb-watchman,3,1.4824765,1.7319245,0.249448,0.168264387,,,
cyclist,1,1.4635811,1.2772116,-0.1863695,-0.127338007,,,
resolve-url,1,1.4646527,1.7675175,0.3028648,0.206782673,,,
is-retry-allowed,1,1.5561745,1.3994085,-0.156766,-0.10073806,,,
duplexify,10,2.0222792,2.0255647,0.0032855,0.001624652,,,
basic-auth,2,1.4880036,1.6414884,0.1534848,0.103148138,,,
core-js-pure,1,6.8228838,6.8835153,0.0606315,0.008886492,,,
tslib,1,1.2529922,1.2233852,-0.029607,-0.023629038,,,
validate-npm-package-license,5,1.5748784,1.7655922,0.1907138,0.121097476,,,
#NAME?,1,1.2054227,1.3044132,0.0989905,0.082120985,,,
micromatch,6,2.2864257,2.0280148,-0.2584109,-0.113019592,,,
create-error-class,2,1.879582,1.4915792,-0.3880028,-0.206430366,,,
source-map-resolve,6,2.2437074,1.6828549,-0.5608525,-0.249966863,,,
jest-haste-map,177,7.1196227,11.1242724,4.0046497,0.562480607,,,
globby,23,2.7303393,2.3015146,-0.4288247,-0.157059124,,,
caniuse-api,8,3.131911,4.1599418,1.0280308,0.328243938,,,
get-value,2,1.4453072,1.5114822,0.066175,0.045786114,,,
lowercase-keys,1,1.3504746,1.4803645,0.1298899,0.096180928,,,
collection-visit,4,1.6877164,1.657837,-0.0298794,-0.017704041,,,
assert,25,3.7369862,4.0777981,0.3408119,0.091199668,,,
infer-owner,1,1.3999117,1.5464666,0.1465549,0.104688674,,,
#NAME?,36,4.9456796,4.6863095,-0.2593701,-0.052443773,,,
registry-url,6,1.7552571,1.8241132,0.0688561,0.039228498,,,
lodash,1,1.6566666,1.8313436,0.174677,0.105438837,,,
fs.realpath,1,1.3482805,1.3837967,0.0355162,0.026341848,,,
cssnano-util-get-arguments,1,1.5589459,1.2674121,-0.2915338,-0.187007003,,,
pify,1,1.1881196,1.3677588,0.1796392,0.151196226,,,
mdn-data,1,1.3688079,1.3232548,-0.0455531,-0.033279396,,,
yargs,27,2.7505455,3.1743701,0.4238246,0.154087471,,,
util.promisify,17,3.145706,3.5400326,0.3943266,0.125353927,,,
amqplib,15,2.3506201,2.5434372,0.1928171,0.082028185,,,
semver,1,1.2509783,1.2223654,-0.0286129,-0.022872419,,,
#NAME?,2,1.5776479,1.5917534,0.0141055,0.008940842,,,
async,1,1.4661697,1.3416425,-0.1245272,-0.084933688,,,
#NAME?,24,4.8130776,4.6743719,-0.1387057,-0.028818505,,,
postcss-discard-empty,11,2.2822747,2.4378377,0.155563,0.068161383,,,
rgba-regex,1,1.1527253,1.4469734,0.2942481,0.255262984,,,
import-cwd,3,1.4248293,1.6354585,0.2106292,0.147827673,,,
kind-of,1,1.3801673,1.6369109,0.2567436,0.186023535,,,
glob,11,1.8575243,1.7742591,-0.0832652,-0.044825901,,,
#NAME?,2,1.6207451,1.5915864,-0.0291587,-0.017990923,,,
#NAME?,626,54.5085388,53.2832891,-1.2252497,-0.022478124,,,
envinfo,1,1.5496925,1.3098117,-0.2398808,-0.154792515,,,
array-filter,1,1.5116128,1.3802787,-0.1313341,-0.086883427,,,
jsonwebtoken,15,1.7612254,1.8781394,0.116914,0.06638219,,,
aws-sign2,1,1.5980575,1.6731554,0.0750979,0.04699324,,,
proto-list,1,1.3006353,1.4316416,0.1310063,0.100724853,,,
jsbn,1,1.6884896,1.4874211,-0.2010685,-0.119081871,,,
tough-cookie,4,1.5459092,1.5527916,0.0068824,0.004452008,,,
osenv,3,1.5660538,1.4889816,-0.0770722,-0.049214273,,,
is-binary-path,2,1.3017981,1.4011126,0.0993145,0.076290248,,,
source-map-support,3,1.6459926,1.5919093,-0.0540833,-0.03285756,,,
posix-character-classes,1,1.4321478,1.4241821,-0.0079657,-0.005562066,,,
buffers,1,1.2742924,2.8958421,1.6215497,1.272509904,,,
node-releases,2,1.6021661,1.5953115,-0.0068546,-0.004278333,,,
global-modules,6,1.8806476,1.8590839,-0.0215637,-0.011466103,,,
pretty-error,23,2.8131273,2.9743598,0.1612325,0.057314328,,,
create-ecdh,9,2.1054753,1.7933961,-0.3120792,-0.148222684,,,
has-value,5,1.8379057,1.7201812,-0.1177245,-0.064053613,,,
xxhashjs,2,1.6067993,1.4885256,-0.1182737,-0.07360826,,,
#NAME?,3,1.6968066,1.9116799,0.2148733,0.126633937,,,
is-alphanumerical,3,1.4906088,1.6603176,0.1697088,0.113852005,,,
escodegen,12,1.7329917,1.9810515,0.2480598,0.143139635,,,
moo,1,1.5014436,1.5305242,0.0290806,0.019368426,,,
log-symbols,8,2.5475273,2.1296833,-0.417844,-0.16401944,,,
safer-buffer,1,1.2965738,1.1333561,-0.1632177,-0.125883849,,,
statuses,1,1.3540593,1.3851246,0.0310653,0.022942348,,,
#NAME?,7,2.089436,1.8765641,-0.2128719,-0.101880077,,,
#NAME?,28,4.1737299,4.3220674,0.1483375,0.035540752,,,
yargs-parser,3,1.5178054,1.5694924,0.051687,0.034053773,,,
escodegen,12,1.7659271,1.9094931,0.143566,0.081297807,,,
component-emitter,1,3.0973845,3.2387727,0.1413882,0.04564761,,,
rimraf,12,4.2850747,4.3207454,0.0356707,0.008324406,,,
har-validator,8,4.2520251,4.4217501,0.169725,0.039916274,,,
acorn,1,3.1468867,3.3659382,0.2190515,0.069608957,,,
connect-history-api-fallback,1,3.0547909,3.0890001,0.0342092,0.011198541,,,
through2,6,3.8007494,3.9926298,0.1918804,0.050484886,,,
builtin-modules,1,2.8493891,3.1542349,0.3048458,0.106986371,,,
import-lazy,1,2.8733936,3.1336419,0.2602483,0.090571755,,,
p-cancelable,1,3.1967255,3.3446931,0.1479676,0.04628724,,,
asn1.js,5,3.5772498,3.7113249,0.1340751,0.037479938,,,
finalhandler,10,4.1505805,4.0793371,-0.0712434,-0.017164683,,,
babel-preset-stage-3,40,10.7369728,10.8962631,0.1592903,0.014835681,,,
is-windows,1,3.0719743,3.4938796,0.4219053,0.137340114,,,
import-local,10,1.6326075,2.0745905,0.441983,0.270722142,,,
js-levenshtein,1,1.0309209,1.4083605,0.3774396,0.366118875,,,
#NAME?,5,1.9470378,1.8099476,-0.1370902,-0.070409624,,,
ansi-escape-sequences,2,1.3879783,1.4691623,0.081184,0.058490828,,,
hex2dec,1,1.2093484,1.3232525,0.1139041,0.09418634,,,
metro-resolver,2,1.7174088,1.4804976,-0.2369112,-0.137946888,,,
pm2-axon-rpc,3,1.4996624,1.8303727,0.3307103,0.220523166,,,
#NAME?,32,5.0311688,4.6839244,-0.3472444,-0.069018634,,,
#NAME?,29,4.3045,4.9315755,0.6270755,0.145679057,,,
renderkid,22,2.9172414,2.7098446,-0.2073968,-0.071093465,,,
strip-json-comments,1,1.2933936,1.413789,0.1203954,0.093084889,,,
es-abstract,15,3.509323,2.9419693,-0.5673537,-0.161670413,,,
inherits,1,1.3819623,1.6978037,0.3158414,0.228545598,,,
minimatch,4,1.8544423,1.8545616,0.0001193,6.43E-05,,,
kind-of,1,1.2538392,1.4918077,0.2379685,0.189791881,,,
gaze,14,2.6508844,2.7174494,0.066565,0.025110488,,,
globby,23,3.0675982,3.1882221,0.1206239,0.039321936,,,
babel-plugin-transform-es2015-unicode-regex,14,3.7429209,3.5899785,-0.1529424,-0.040861777,,,
babel-generator,16,3.6809502,3.520991,-0.1599592,-0.043455953,,,
r2,5,1.6534635,1.8127736,0.1593101,0.09634933,,,
optionator,7,1.7093207,1.7787472,0.0694265,0.040616427,,,
abstract-leveldown,4,1.6695532,1.5557694,-0.1137838,-0.068152246,,,
istanbul-lib-instrument,40,6.3775814,5.014164,-1.3634174,-0.21378283,,,
os-tmpdir,1,1.3724626,1.429213,0.0567504,0.041349323,,,
path-exists,1,1.2741574,1.6783068,0.4041494,0.31718954,,,
speed-measure-webpack-plugin,8,1.9908577,2.2469139,0.2560562,0.128616023,,,
aggregate-error,3,1.7730655,1.7160422,-0.0570233,-0.032160854,,,
define-properties,2,1.4639637,1.5042068,0.0402431,0.027489138,,,
https-proxy-agent,4,1.6926834,1.659442,-0.0332414,-0.019638286,,,
entities,1,1.2712583,1.3581337,0.0868754,0.068338118,,,
string-width,5,1.7936471,1.8974916,0.1038445,0.057895725,,,
inherits,1,1.3193796,1.4741777,0.1547981,0.117326431,,,
vary,1,1.3604944,1.4782296,0.1177352,0.086538541,,,
is-arrayish,1,1.3838542,1.5523743,0.1685201,0.121775907,,,
create-ecdh,9,1.6090389,1.801841,0.1928021,0.119824387,,,
ignore,1,1.288977,1.418162,0.129185,0.10022289,,,
array-flatten,1,1.5681602,1.3810248,-0.1871354,-0.119334364,,,
ejs,1,1.3710267,1.545615,0.1745883,0.127341284,,,
babel-register,52,5.6596768,5.8841339,0.2244571,0.039658996,,,
body-parser,22,2.6655845,2.8805666,0.2149821,0.080651017,,,
serialize-error,2,1.5787131,1.5504505,-0.0282626,-0.017902303,,,
delayed-stream,1,1.3803343,1.4370978,0.0567635,0.041123009,,,
fresh,1,1.5797802,1.4873359,-0.0924443,-0.058517191,,,
buffer-alloc-unsafe,1,1.2982628,1.4149946,0.1167318,0.089913845,,,
inherits,1,1.4728131,1.5225507,0.0497376,0.033770476,,,
express-graphql,17,3.4795688,3.3135694,-0.1659994,-0.047706888,,,
ansi-styles,4,1.5689638,1.7983873,0.2294235,0.146226127,,,
osenv,3,1.420172,1.4175687,-0.0026033,-0.001833088,,,
babel-plugin-syntax-object-rest-spread,1,1.3453333,1.4922855,0.1469522,0.109231073,,,
define-property,6,1.5701059,2.9132354,1.3431295,0.855438796,,,
cssdb,1,1.5356837,1.3525782,-0.1831055,-0.119233863,,,
#NAME?,1,1.1372759,1.3040693,0.1667934,0.146660454,,,
osenv,3,1.4401206,1.5923989,0.1522783,0.105739964,,,
is-data-descriptor,2,1.5318197,1.6888051,0.1569854,0.102482949,,,
esprima,1,1.3487719,1.5314472,0.1826753,0.135438246,,,
get-stream,5,1.88918,2.3034846,0.4143046,0.219303931,,,
bignumber.js,1,1.2555146,1.3232163,0.0677017,0.053923467,,,
to-object-path,3,1.5012831,1.7249653,0.2236822,0.148994017,,,
imagemin-optipng,224,15.8512776,15.280717,-0.5705606,-0.035994613,,,
object-inspect,1,1.3962297,1.4384112,0.0421815,0.030211003,,,
mime,1,1.3649827,1.3645283,-0.0004544,-0.000332898,,,
react-is,1,1.5580749,1.3496978,-0.2083771,-0.133740105,,,
socket.io-adapter,1,1.3721424,1.6909989,0.3188565,0.232378578,,,
glogg,2,1.4460052,1.4941489,0.0481437,0.033294279,,,
glob,11,2.2315162,2.2485757,0.0170595,0.007644802,,,
#NAME?,4,1.9784492,2.0775438,0.0990946,0.050087008,,,
#NAME?,29,5.2148017,4.3132029,-0.9015988,-0.17289225,,,
pkg-dir,7,1.7684397,2.0749754,0.3065357,0.173336812,,,
#NAME?,5,1.6374027,1.5758344,-0.0615683,-0.037601196,,,
#NAME?,74,6.0579377,5.7209213,-0.3370164,-0.0556322,,,
type-is,4,1.9027649,1.7586425,-0.1441224,-0.075743672,,,
is-obj,1,1.3255888,1.2555342,-0.0700546,-0.052847912,,,
run-queue,2,1.5857335,1.5532599,-0.0324736,-0.020478599,,,
write-file-atomic,5,1.728895,1.582531,-0.146364,-0.084657541,,,
randomfill,3,1.8207247,1.5336969,-0.2870278,-0.15764481,,,
balanced-match,1,1.6498478,1.2606761,-0.3891717,-0.235883395,,,
#NAME?,16,3.2729245,3.8341863,0.5612618,0.171486327,,,
ansi-colors,1,1.3636955,1.4362179,0.0725224,0.053180787,,,
ansi-align,6,2.0278736,1.8109495,-0.2169241,-0.106971214,,,
#NAME?,3,1.431055,1.6326511,0.2015961,0.140872363,,,
brace-expansion,3,1.4410399,1.3936281,-0.0474118,-0.032901101,,,
eslint-scope,3,2.5232269,1.5170445,-1.0061824,-0.398768101,,,
is-descriptor,1,1.3234813,1.2690152,-0.0544661,-0.04115366,,,
#NAME?,1,1.4616506,1.3679322,-0.0937184,-0.064118196,,,
get-stream,5,1.8934387,1.7661031,-0.1273356,-0.067250976,,,
deep-eql,2,1.6088628,1.606171,-0.0026918,-0.001673107,,,
#NAME?,2,1.5848365,1.3649418,-0.2198947,-0.138749139,,,
finalhandler,10,1.7288948,1.8597251,0.1308303,0.075672794,,,
socks-proxy-agent,7,1.8958755,2.3599141,0.4640386,0.244762169,,,
babel-messages,4,2.3724451,2.4904883,0.1180432,0.049755925,,,
rgba-regex,1,2.1266297,1.4417087,-0.684921,-0.322068764,,,
pbkdf2,10,1.7693359,2.1288935,0.3595576,0.203216133,,,
extract-text-webpack-plugin,17,3.1650788,2.7375971,-0.4274817,-0.135061945,,,
has-flag,1,1.4382346,1.6613072,0.2230726,0.155101678,,,
pn,1,1.5099364,1.9389629,0.4290265,0.284135477,,,
is-descriptor,1,1.2838021,1.504168,0.2203659,0.171650989,,,
callsite,1,1.5567352,1.3792266,-0.1775086,-0.1140262,,,
chownr,1,1.5444655,1.3298187,-0.2146468,-0.138978048,,,
multicast-dns-service-types,1,1.3259139,1.4435704,0.1176565,0.088736154,,,
ultron,1,1.3532633,1.4137352,0.0604719,0.044685982,,,
#NAME?,2,1.5152334,1.383646,-0.1315874,-0.086842991,,,
lcid,2,1.5341928,1.6776923,0.1434995,0.093534202,,,
strip-final-newline,1,1.5692667,1.5353859,-0.0338808,-0.021590212,,,
#NAME?,7,2.2532929,2.1179597,-0.1353332,-0.06006019,,,
create-hash,8,1.7390937,1.7676015,0.0285078,0.016392331,,,
param-case,5,1.72966,1.8977147,0.1680547,0.09716054,,,
component-emitter,1,1.5178377,1.5382922,0.0204545,0.013476079,,,
lodash.sortby,1,1.2965622,1.364341,0.0677788,0.05227578,,,
shebang-regex,1,1.4759178,1.5132412,0.0373234,0.025288265,,,
schema-utils,8,2.1472774,2.0308884,-0.116389,-0.054203057,,,
ts-jest,15,2.5032106,2.1527219,-0.3504887,-0.140015666,,,
fs-write-stream-atomic,12,1.7229024,1.7784815,0.0555791,0.032258995,,,
spdx-license-ids,1,1.5331242,1.4367566,-0.0963676,-0.062857008,,,
scheduler,4,1.5551237,1.6761895,0.1210658,0.077849627,,,
ansi-regex,1,1.3081504,1.3458712,0.0377208,0.028835217,,,
has-value,5,1.6629877,1.6043733,-0.0586144,-0.035246442,,,
url,3,1.6796392,1.6754176,-0.0042216,-0.002513397,,,
react-native-modal-datetime-picker,6,3.5505694,2.0980369,-1.4525325,-0.409098467,,,
flush-write-stream,6,1.8271775,1.9531078,0.1259303,0.068920671,,,
mime,1,1.272494,1.6340268,0.3615328,0.28411356,,,
sntp,5,1.4768232,1.4366548,-0.0401684,-0.027199194,,,
#NAME?,3,2.3885575,2.310104,-0.0784535,-0.032845556,,,
minimist-options,3,1.6206912,1.9783595,0.3576683,0.220688741,,,
postcss-modules-values,12,2.3570309,2.8298971,0.4728662,0.200619432,,,
randomatic,4,1.5753071,1.4586164,-0.1166907,-0.07407489,,,
find-cache-dir,11,2.216877,2.2298892,0.0130122,0.005869608,,,
#NAME?,3,1.7137645,1.628148,-0.0856165,-0.049958148,,,
ccount,1,1.4812299,1.4589282,-0.0223017,-0.015056204,,,
formidable,1,1.3603779,1.3049813,-0.0553966,-0.040721479,,,
content-type,1,1.3256686,1.5722469,0.2465783,0.186002972,,,
jest-haste-map,177,10.5889054,10.0242614,-0.564644,-0.053324114,,,
jest-runtime,437,35.5391321,34.2728884,-1.2662437,-0.035629562,,,
last-run,11,4.1844446,4.2294325,0.0449879,0.010751224,,,
mime-types,2,1.3851462,1.3727628,-0.0123834,-0.008940139,,,
escope,16,4.9541759,4.9559329,0.001757,0.00035465,,,
parallel-transform,10,1.6857368,1.8693042,0.1835674,0.108894461,,,
methods,1,1.8544169,1.8034365,-0.0509804,-0.027491337,,,
https-proxy-agent,4,1.7531444,1.5322613,-0.2208831,-0.125992531,,,
ms,1,1.1746938,1.4996007,0.3249069,0.276588588,,,
safer-buffer,1,1.3957725,1.5514947,0.1557222,0.111567035,,,
spdy-transport,17,2.0654188,2.1865861,0.1211673,0.058664761,,,
jest-watcher,285,20.9155236,21.1121736,0.19665,0.009402107,,,
webpack-dev-middleware,19,2.5825159,2.3360916,-0.2464243,-0.095420245,,,
ldjson-stream,9,1.8598368,2.2549296,0.3950928,0.212434123,,,
repeating,1,1.4265224,1.4575027,0.0309803,0.02171736,,,
serve-static,21,2.4703151,2.2396111,-0.230704,-0.093390515,,,
busboy,3,1.6603776,1.688502,0.0281244,0.016938557,,,
postcss-value-parser,1,1.3205331,1.3679006,0.0473675,0.035869983,,,
#NAME?,30,4.216186,4.0438102,-0.1723758,-0.040884297,,,
ultron,1,1.3895567,1.5690838,0.1795271,0.129197391,,,
apollo-link,8,2.1523255,1.9636196,-0.1887059,-0.087675354,,,
babel-helper-replace-supers,27,4.2557115,4.0857142,-0.1699973,-0.039945682,,,
cookie-signature,1,1.2833932,1.384813,0.1014198,0.079024729,,,
lodash,1,1.7576016,1.682377,-0.0752246,-0.042799574,,,
punycode,1,1.4018097,1.447601,0.0457913,0.032665846,,,
long,1,1.3288672,1.39181,0.0629428,0.047365756,,,
#NAME?,4,1.5334301,1.7473532,0.2139231,0.139506261,,,
has-ansi,2,1.4317591,1.4181145,-0.0136446,-0.009529955,,,
redent,4,1.6237056,1.5938101,-0.0298955,-0.018411897,,,
default-require-extensions,2,1.3769748,1.3784477,0.0014729,0.001069664,,,
filesize,1,1.3408546,1.3072123,-0.0336423,-0.025090192,,,
decamelize,1,1.4858788,1.5941233,0.1082445,0.072848808,,,
eslint-module-utils,10,2.0489209,2.1046421,0.0557212,0.027195389,,,
signal-exit,1,1.5873764,1.3834578,-0.2039186,-0.128462663,,,
is-date-object,1,1.2808495,1.3086566,0.0278071,0.021709889,,,
#NAME?,1,1.4462509,1.5547999,0.108549,0.075055442,,,
webpack-merge,2,1.7397079,1.9290175,0.1893096,0.108816888,,,
setprototypeof,1,1.3187885,1.4092837,0.0904952,0.068619949,,,
strip-ansi,2,1.5147117,1.4685339,-0.0461778,-0.030486197,,,
browser-resolve,2,1.3995177,1.6944282,0.2949105,0.210722951,,,
ansi-regex,1,1.3460459,1.4318511,0.0858052,0.063746117,,,
inherits,1,1.6254001,1.4232649,-0.2021352,-0.124360273,,,
once,2,1.5274861,1.5857872,0.0583011,0.038168007,,,
mamacro,1,1.4377063,1.3312311,-0.1064752,-0.074059076,,,
async,1,1.6361136,1.2923126,-0.343801,-0.210132719,,,
cross-spawn,6,1.8545899,1.8014903,-0.0530996,-0.028631451,,,
libxmljs,70,13.7866558,14.0503452,0.2636894,0.019126422,,,
istanbul-lib-coverage,1,1.4999575,1.3471832,-0.1527743,-0.101852419,,,
batch-processor,1,1.6790822,1.4124758,-0.2666064,-0.158781029,,,
core-util-is,1,1.4089804,1.4053028,-0.0036776,-0.002610114,,,
node-releases,2,1.4156425,1.6064815,0.190839,0.13480734,,,
methods,1,1.7475375,1.4259728,-0.3215647,-0.184010186,,,
postcss-selector-parser,4,1.5651863,1.5726201,0.0074338,0.004749467,,,
content-disposition,2,1.5647779,1.4857882,-0.0789897,-0.050479816,,,
async-iterator-all,1,1.2838216,1.4148324,0.1310108,0.102047512,,,
array-differ,1,1.1285359,1.654319,0.5257831,0.465898426,,,
split-string,1,1.3751338,1.3834011,0.0082673,0.006011997,,,
neo-async,1,1.2601036,1.3681973,0.1080937,0.085781598,,,
regexpu-core,10,2.0753323,2.1614478,0.0861155,0.041494801,,,
cyclist,1,1.3239052,1.4812787,0.1573735,0.118870671,,,
babel-register,52,5.5895018,5.5244618,-0.06504,-0.0116361,,,
postcss-normalize-url,14,2.1575655,2.3046074,0.1470419,0.068151766,,,
dir-glob,2,1.4253293,1.5088587,0.0835294,0.05860358,,,
qs,1,1.3042557,1.3939718,0.0897161,0.068787202,,,
#NAME?,1,1.3293056,1.4484868,0.1191812,0.089656735,,,
neo-async,1,1.384253,1.5167981,0.1325451,0.095752077,,,
source-map-url,1,1.3828964,1.5394467,0.1565503,0.113204648,,,
debug,2,1.4415109,1.5280562,0.0865453,0.060037909,,,
iconv-lite,2,1.6490586,1.5267299,-0.1223287,-0.07418093,,,
license-webpack-plugin,7,1.8508774,1.9213184,0.070441,0.038058166,,,
prr,1,1.4131008,1.3002253,-0.1128755,-0.079877883,,,
webpack-merge,2,1.6857896,1.8192361,0.1334465,0.079159641,,,
fill-range,3,1.7450377,1.7730875,0.0280498,0.016074037,,,
is-binary-path,2,1.4385438,1.5985031,0.1599593,0.111195293,,,
workbox-sw,1,1.4792236,1.5594902,0.0802666,0.054262655,,,
stream-combiner,3,1.5768778,1.7620268,0.185149,0.117414932,,,
caseless,1,1.2815074,1.2993782,0.0178708,0.01394514,,,
strip-ansi,2,1.5632451,1.5896814,0.0264363,0.016911168,,,
download,113,7.6626938,7.5764963,-0.0861975,-0.011248981,,,
process-nextick-args,1,1.5058817,1.5529137,0.047032,0.031232201,,,
babel-plugin-transform-es2015-block-scoped-functions,4,2.342334,2.5256982,0.1833642,0.078282687,,,
postcss-svgo,58,7.8901737,7.8022584,-0.0879153,-0.011142378,,,
source-map-support,3,1.4907538,1.6331158,0.142362,0.095496654,,,
cliui,11,2.2357723,2.4711551,0.2353828,0.10528031,,,
gherkin,22,3.3909843,3.4282193,0.037235,0.010980588,,,
eventsource,5,2.1724414,2.2545181,0.0820767,0.037780858,,,
jest-config,447,35.4311789,34.6412867,-0.7898922,-0.022293704,,,
is-path-cwd,1,1.3616989,1.6492685,0.2875696,0.211184426,,,
p-try,1,1.2194984,1.5163531,0.2968547,0.243423608,,,
#NAME?,2,1.4622517,1.687788,0.2255363,0.154239041,,,
wrappy,1,1.4624984,1.547726,0.0852276,0.058275346,,,
#NAME?,1,1.3301291,1.6571367,0.3270076,0.245846512,,,
#NAME?,3,1.7626234,3.1369179,1.3742945,0.779686971,,,
yargs,27,2.7976486,3.2552947,0.4576461,0.16358241,,,
pm2-deploy,4,2.0907131,2.009309,-0.0814041,-0.038936045,,,
camelcase,1,1.4986022,1.351171,-0.1474312,-0.098379143,,,
execa,20,2.5604699,2.6876115,0.1271416,0.049655573,,,
tslib,1,1.2993977,1.340854,0.0414563,0.031904243,,,
setprototypeof,1,1.4690887,1.6060051,0.1369164,0.093198185,,,
is-stream,1,1.3062243,1.4460374,0.1398131,0.107036058,,,
clone,1,1.3562303,1.5020079,0.1457776,0.107487349,,,
#NAME?,1,1.5091277,1.4004503,-0.1086774,-0.072013389,,,
array-union,1,1.3814533,1.5841911,0.2027378,0.146756897,,,
fast-json-stable-stringify,1,1.2822868,1.4617791,0.1794923,0.139978279,,,
#NAME?,28,4.1767207,4.0396981,-0.1370226,-0.032806264,,,
css-select,9,1.7831346,1.8409023,0.0577677,0.032396713,,,
argparse,2,3.2860264,1.7449833,-1.5410431,-0.468968569,,,
undertaker-registry,1,1.4370385,1.3689082,-0.0681303,-0.047410212,,,
functional-red-black-tree,1,1.1886893,1.3225168,0.1338275,0.112584087,,,
has-hover,2,1.6197963,1.4431584,-0.1766379,-0.109049453,,,
gcp-metadata,13,2.3031605,2.3054351,0.0022746,0.000987599,,,
is-absolute-url,1,1.2598555,1.4963471,0.2364916,0.187713273,,,
parse5,1,1.4314071,1.4089769,-0.0224302,-0.015670035,,,
postcss-convert-values,12,2.3968564,2.6386839,0.2418275,0.100893612,,,
https-proxy-agent,4,1.6386701,1.868815,0.2301449,0.140446146,,,
aria-query,5,9.9008066,9.6350586,-0.265748,-0.026841045,,,
cache-base,27,2.5780785,2.7840711,0.2059926,0.079901601,,,
regexpp,1,1.3097824,1.7660477,0.4562653,0.348351986,,,
strip-ansi,2,1.4793254,1.6218925,0.1425671,0.096373049,,,
postcss-normalize-repeat-style,14,2.2976146,2.1644823,-0.1331323,-0.057943704,,,
minimist,1,1.7100083,1.5801726,-0.1298357,-0.075926941,,,
babel-generator,16,3.6897622,3.3354607,-0.3543015,-0.096022855,,,
exit,1,1.3753863,1.5382038,0.1628175,0.118379469,,,
#NAME?,3,1.7730426,1.6279036,-0.145139,-0.081858721,,,
isstream,1,1.3287241,1.6626556,0.3339315,0.25131741,,,
postcss-discard-duplicates,11,2.5497259,2.2006853,-0.3490406,-0.136893381,,,
which,2,1.3702507,1.5098614,0.1396107,0.101886976,,,
browserify-sign,25,2.5639091,2.5930917,0.0291826,0.011382073,,,
regjsparser,2,1.3220531,1.5246988,0.2026457,0.15328106,,,
wdio-chromedriver-service,17,2.2997619,2.1837019,-0.11606,-0.050466094,,,
#NAME?,2,1.5584397,1.7293965,0.1709568,0.109697411,,,
http-signature,16,2.1645524,2.1579253,-0.0066271,-0.003061649,,,
#NAME?,19,2.9268813,2.621799,-0.3050823,-0.104234599,,,
content-disposition,2,1.5811738,1.6012461,0.0200723,0.012694556,,,
add,1,1.3903958,1.307648,-0.0827478,-0.059513845,,,
react-reconciler,7,2.1164407,2.2032965,0.0868558,0.041038617,,,
boxen,24,2.4936613,2.6805364,0.1868751,0.074940049,,,
aws-sdk,14,6.2383297,6.2123667,-0.025963,-0.004161851,,,
recast,5,1.7484635,1.9359623,0.1874988,0.107236325,,,
content-type,1,1.481251,1.3591059,-0.1221451,-0.082460771,,,
broccoli-merge-trees,48,4.3325293,4.7672627,0.4347334,0.10034171,,,
undertaker,38,5.8922657,6.4427251,0.5504594,0.093420668,,,
path-parse,1,1.4397607,1.3553352,-0.0844255,-0.058638564,,,
array-differ,1,1.4529009,1.4495221,-0.0033788,-0.002325554,,,
supports-color,2,1.5989396,1.7702234,0.1712838,0.107123371,,,
protoduck,2,1.429816,1.6277655,0.1979495,0.138444038,,,
#NAME?,11,2.2261769,2.1816692,-0.0445077,-0.019992886,,,
#NAME?,4,1.7064719,1.5354216,-0.1710503,-0.100236224,,,
union-value,5,1.6228494,1.6672239,0.0443745,0.027343572,,,
array-equal,1,1.3986082,1.4632085,0.0646003,0.04618899,,,
define-properties,2,1.4548511,1.7348874,0.2800363,0.192484509,,,
npm-pick-manifest,12,2.3788253,2.2602849,-0.1185404,-0.049831486,,,
#NAME?,2,1.5026329,1.5135378,0.0109049,0.007257195,,,
karma-json-fixtures-preprocessor,1,1.1695213,1.334752,0.1652307,0.141280625,,,
debug,2,1.6085297,1.4532171,-0.1553126,-0.096555631,,,
ws,1,1.5012749,1.3836023,-0.1176726,-0.078381781,,,
inherits,1,1.4417316,1.4609003,0.0191687,0.013295609,,,
extsprintf,1,1.4227593,1.3935731,-0.0291862,-0.0205138,,,
trim-lines,1,1.3967397,1.5075175,0.1107778,0.0793117,,,
#NAME?,2,1.4974785,1.7091423,0.2116638,0.141346804,,,
bn.js,1,1.4312749,1.4672862,0.0360113,0.025160296,,,
