package_name,total_packages_installed,normal_time,typosquatting_time,difference,,,,
lodash.some,1,1.2399957,1.4241911,0.1841954,,,,
is-relative,3,1.5034214,1.5999797,0.0965583,,,,
agent-base,3,1.7282203,1.6109558,-0.1172645,,,,average number of packages installed per package
postcss-value-parser,1,1.4838157,1.5756467,0.091831,,,,14.976
asap,1,1.2640144,1.6393106,0.3752962,,,,
base,36,3.7586769,3.2208801,-0.5377968,,,,average install time without scan (seconds)
babel-plugin-transform-es2015-block-scoping,26,4.0253263,3.9520091,-0.0733172,,,,2.604781101
node-fetch,1,1.5454665,1.8257043,0.2802378,,,,
file-type,11,1.8846363,2.1892587,0.3046224,,,,average install time with scan (seconds)
jest-diff,19,2.9212785,2.8684564,-0.0528221,,,,2.668755531
#NAME?,57,4.0645659,4.2176657,0.1530998,,,,
p-defer,1,1.317125,1.4670288,0.1499038,,,,average slowdown (seconds)
asynckit,1,1.5658567,1.671714,0.1058573,,,,0.06397443
lolex,3,1.4360465,1.7247085,0.288662,,,,
window-size,9,1.5344703,2.0217595,0.4872892,,,,average overhead (%)
object-keys,1,1.2835733,1.7882838,0.5047105,,,,2.45603862
nullthrows,1,1.353632,1.5379601,0.1843281,,,,
require-context.macro,2,1.3122284,1.3163282,0.0040998,,,,
es6-map,12,4.2082658,4.4704663,0.2622005,,,,
logalot,57,4.9084308,5.0487058,0.140275,,,,
binary-extensions,1,1.4791135,1.6120528,0.1329393,,,,
JSONStream,3,1.4249979,1.4582541,0.0332562,,,,
arr-map,3,1.7070357,1.6842549,-0.0227808,,,,
lodash.get,1,1.3735371,1.3324632,-0.0410739,,,,
has-unicode,1,1.4669038,1.5102753,0.0433715,,,,
postcss,10,1.6694667,2.0299417,0.360475,,,,
invariant,3,1.5319875,1.7454016,0.2134141,,,,
#NAME?,2,1.5172795,1.421903,-0.0953765,,,,
feature-policy,1,1.297459,1.472612,0.175153,,,,
glamorous,11,2.2165585,1.8990825,-0.317476,,,,
assert,25,3.7444672,3.9775659,0.2330987,,,,
babel-helper-is-nodes-equiv,1,1.6906175,32.4478487,30.7572312,,,,
brace-expansion,3,1.6474494,1.7174883,0.0700389,,,,
#NAME?,4,1.6488707,1.7904675,0.1415968,,,,
css-loader,36,3.9191143,3.9253744,0.0062601,,,,
ms,1,1.25795,1.4642247,0.2062747,,,,
decompress-response,2,1.4069667,1.4234103,0.0164436,,,,
spdx-exceptions,1,1.4302299,1.4759676,0.0457377,,,,
map-stream,1,1.2934782,1.4292127,0.1357345,,,,
realpath-native,1,1.2389762,1.4530011,0.2140249,,,,
debug,2,1.3086559,1.4541944,0.1455385,,,,
private,1,1.3465035,1.3250898,-0.0214137,,,,
rework,11,1.9977391,1.8421529,-0.1555862,,,,
cli-cursor,5,1.540461,1.7464821,0.2060211,,,,
entities,1,1.3826476,1.5670606,0.184413,,,,
lowlight,4,2.0062435,1.8565996,-0.1496439,,,,
doctrine,2,1.3954614,1.5882336,0.1927722,,,,
#NAME?,1,2.2727634,1.6422241,-0.6305393,,,,
tweetnacl,1,1.2889917,1.532803,0.2438113,,,,
webpack-addons,186,15.0455918,14.0022193,-1.0433725,,,,
#NAME?,2,1.5851331,1.6595419,0.0744088,,,,
prelude-ls,1,1.5752978,1.471872,-0.1034258,,,,
resolve,2,1.4016461,1.5630166,0.1613705,,,,
es-to-primitive,5,1.7414491,1.7141029,-0.0273462,,,,
whatwg-fetch,1,1.5778375,1.4095535,-0.168284,,,,
graphql-playground-html,1,1.3119809,1.3135635,0.0015826,,,,
p-locate,3,1.5767183,1.5049174,-0.0718009,,,,
http-parser-js,1,1.424687,1.5057721,0.0810851,,,,
react-transition-group,10,2.5298102,2.3167763,-0.2130339,,,,
string.prototype.trimleft,4,1.5017056,1.595061,0.0933554,,,,
saxes,2,1.2251676,1.4749737,0.2498061,,,,
ip,1,1.3122006,1.7752939,0.4630933,,,,
pid-from-port,17,2.580114,2.0734832,-0.5066308,,,,
#NAME?,2,2.2733662,1.586611,-0.6867552,,,,
#NAME?,28,3.477705,3.6584651,0.1807601,,,,
type-check,2,1.5285392,1.5721687,0.0436295,,,,
es5-ext,8,3.8092228,4.0334707,0.2242479,,,,
use,1,1.4125703,1.2700506,-0.1425197,,,,
babel-loader,20,2.6336904,2.7393926,0.1057022,,,,
isstream,1,1.3626195,1.590334,0.2277145,,,,
color-name,1,1.2768631,1.3986842,0.1218211,,,,
har-validator,8,2.2712365,1.969173,-0.3020635,,,,
jest-environment-jsdom,379,27.3684854,27.8015715,0.4330861,,,,
handle-thing,1,1.4920422,1.3810959,-0.1109463,,,,
file-type,11,2.066645,2.2404648,0.1738198,,,,
read-pkg,29,3.1705185,3.1786395,0.008121,,,,
optimize-css-assets-webpack-plugin,144,15.5363666,15.5146915,-0.0216751,,,,
webpack-subresource-integrity,4,2.0602059,1.9046964,-0.1555095,,,,
frac,1,1.4751285,1.7263242,0.2511957,,,,
#NAME?,2,7.2993418,7.4392778,0.139936,,,,
web-namespaces,1,1.4024932,2.5261136,1.1236204,,,,
imagemin-mozjpeg,219,13.7568979,14.6700511,0.9131532,,,,
loader-runner,1,1.3357225,1.5706222,0.2348997,,,,
assign-symbols,1,1.7069024,1.3149052,-0.3919972,,,,
#NAME?,5,1.8561668,1.8565644,0.0003976,,,,
concat-stream,8,1.8151238,1.7019135,-0.1132103,,,,
md5,4,1.4613212,1.7002405,0.2389193,,,,
bowser,1,1.3272344,1.3247708,-0.0024636,,,,
#NAME?,11,2.2896949,2.3097424,0.0200475,,,,
flatted,1,1.5052936,1.4575386,-0.047755,,,,
marker-clusterer-plus,1,1.3708072,1.3493448,-0.0214624,,,,
warning,3,1.5677832,1.5615531,-0.0062301,,,,
opn,2,1.5530992,1.4659315,-0.0871677,,,,
kleur,1,1.4861547,1.5486526,0.0624979,,,,
#NAME?,1,1.2417926,1.4014183,0.1596257,,,,
#NAME?,3,1.4485457,1.6051352,0.1565895,,,,
eslint-plugin-react-hooks,1,1.585707,1.2812944,-0.3044126,,,,
extend-shallow,5,1.935676,1.5973644,-0.3383116,,,,
jest-environment-jsdom,379,28.7912923,28.6011543,-0.190138,,,,
he,1,1.4448345,1.5035778,0.0587433,,,,
original,4,1.5879237,2.0602397,0.472316,,,,
redeyed,2,1.6600322,1.5947891,-0.0652431,,,,
har-schema,1,1.5816937,1.3694415,-0.2122522,,,,
#NAME?,1,1.3152926,1.4119003,0.0966077,,,,
is-data-descriptor,2,1.5709062,1.6954325,0.1245263,,,,
safer-buffer,1,1.3761433,1.4936864,0.1175431,,,,
merge-source-map,2,1.538683,1.5771234,0.0384404,,,,
ci-info,1,1.3845621,1.4031875,0.0186254,,,,
get-port,1,1.5687533,1.3891742,-0.1795791,,,,
postcss,10,1.9156523,2.1720874,0.2564351,,,,
pump,4,1.2711621,1.471083,0.1999209,,,,
diff-sequences,1,1.3110561,1.339402,0.0283459,,,,
inherits,1,1.4212213,1.5937869,0.1725656,,,,
jest-matcher-utils,20,2.8081667,2.8052997,-0.002867,,,,
sanctuary-type-identifiers,1,11.1249181,1.2749704,-9.8499477,,,,
minimalistic-crypto-utils,1,1.6606564,1.3356698,-0.3249866,,,,
babel-generator,16,3.4219356,3.5421122,0.1201766,,,,
yargs,27,3.3460333,4.2292892,0.8832559,,,,
shelljs,16,2.2774206,2.2641645,-0.0132561,,,,
react-dom,7,2.4638789,2.1966349,-0.267244,,,,
#NAME?,11,2.0102233,2.2335833,0.22336,,,,
assign-symbols,1,1.47127,1.3505313,-0.1207387,,,,
through,1,1.6281869,1.6267807,-0.0014062,,,,
xhr-mock,8,1.7982275,1.7280351,-0.0701924,,,,
camelcase,1,1.4229405,1.5567657,0.1338252,,,,
strip-ansi,2,1.4449354,1.7082762,0.2633408,,,,
fs-promise,9,1.6636121,1.7353487,0.0717366,,,,
path-to-regexp,1,1.3507896,1.6372196,0.28643,,,,
json5,2,1.6041446,1.4769262,-0.1272184,,,,
extend,1,1.6012953,1.3880184,-0.2132769,,,,
discontinuous-range,1,1.4616488,1.6937314,0.2320826,,,,
protocol-buffers-schema,1,1.2923796,1.3029586,0.010579,,,,
strip-ansi,2,1.4582081,1.6216951,0.163487,,,,
webpack,393,20.3478666,20.5894925,0.2416259,,,,
path-exists,1,1.4064395,1.4546368,0.0481973,,,,
decamelize,1,1.1981801,1.478478,0.2802979,,,,
anymatch,3,1.4932523,1.7188338,0.2255815,,,,
#NAME?,2,1.5005896,1.5219059,0.0213163,,,,
arr-union,1,1.434046,1.4869943,0.0529483,,,,
#NAME?,4,2.0270726,1.9376184,-0.0894542,,,,
errno,2,1.5557009,1.4177619,-0.137939,,,,
glob,11,2.1179274,1.8641719,-0.2537555,,,,
postcss,10,2.0667613,1.9949256,-0.0718357,,,,
dropbox,5,3.0464841,2.9084836,-0.1380005,,,,
assert-plus,1,1.3595518,1.1964795,-0.1630723,,,,
methods,1,1.330266,1.3676181,0.0373521,,,,
#NAME?,1,1.3220228,1.3811926,0.0591698,,,,
postcss-reporter,13,2.5308835,2.6186827,0.0877992,,,,
#NAME?,5,8.4445197,8.1796422,-0.2648775,,,,
process-nextick-args,1,1.4473645,1.424643,-0.0227215,,,,
ejs,1,1.347264,1.5137729,0.1665089,,,,
#NAME?,30,11.5882186,11.9710109,0.3827923,,,,
acorn,1,2.0767154,1.2814623,-0.7952531,,,,
expand-range,10,1.6566628,1.6208008,-0.035862,,,,
glob-watcher,215,9.4477602,8.9972609,-0.4504993,,,,
encodeurl,1,1.4813968,1.3572624,-0.1241344,,,,
object-keys,1,1.4258328,1.4475528,0.02172,,,,
jest-docblock,2,1.3038766,1.7309726,0.427096,,,,
wide-align,5,1.7150449,1.7210072,0.0059623,,,,
request,48,3.8848408,3.5946838,-0.290157,,,,
util.promisify,17,4.1904208,3.465785,-0.7246358,,,,
arrify,1,1.5712114,1.3577323,-0.2134791,,,,
#NAME?,2,1.5772427,1.5904861,0.0132434,,,,
#NAME?,20,3.1393408,3.4172075,0.2778667,,,,
cacache,53,4.3706579,3.677913,-0.6927449,,,,
code-point-at,1,1.4599673,1.295066,-0.1649013,,,,
compare-versions,1,1.3804532,1.5611113,0.1806581,,,,
object-keys,1,1.4519513,1.4914058,0.0394545,,,,
strict-uri-encode,1,1.3144746,1.4092251,0.0947505,,,,
semver,1,1.2925764,1.5166676,0.2240912,,,,
tslint,37,4.3916778,4.5130746,0.1213968,,,,
normalize-url,1,1.3133189,1.4029814,0.0896625,,,,
chalk,7,2.0217406,1.9082787,-0.1134619,,,,
path-is-absolute,1,1.3967592,1.3781265,-0.0186327,,,,
#NAME?,7,1.9768176,2.4133584,0.4365408,,,,
lodash._basebind,8,1.7325006,1.9354235,0.2029229,,,,
repeat-string,1,1.5802914,1.4574674,-0.122824,,,,
jsbn,1,1.2374062,1.4264605,0.1890543,,,,
chownr,1,1.1468772,1.3906236,0.2437464,,,,
csv-generate,1,1.9854874,1.508178,-0.4773094,,,,
html-encoding-sniffer,4,1.6970876,1.8863355,0.1892479,,,,
#NAME?,2,1.5074897,1.6910048,0.1835151,,,,
redux,4,1.5708561,1.722086,0.1512299,,,,
babel-runtime,3,2.2476003,2.4589154,0.2113151,,,,
object-visit,2,1.4043012,1.5248948,0.1205936,,,,
node-gyp,101,6.8639446,6.9891568,0.1252122,,,,
debug,2,1.6016558,1.6248586,0.0232028,,,,
object-assign,1,1.3020884,1.4073008,0.1052124,,,,
function-bind,1,1.5629574,1.4560827,-0.1068747,,,,
tmp,13,2.2968937,2.1626423,-0.1342514,,,,
detect-newline,1,1.3083311,2.0561788,0.7478477,,,,
diff,1,1.3670789,1.4243865,0.0573076,,,,
nyc,135,11.5197927,11.3772486,-0.1425441,,,,
#NAME?,1,1.5419003,1.3268254,-0.2150749,,,,
object-visit,2,1.6741587,1.5119094,-0.1622493,,,,
decode-uri-component,1,1.3920974,1.4384591,0.0463617,,,,
pend,1,1.2999909,1.3493937,0.0494028,,,,
object-copy,10,1.9687526,1.8495512,-0.1192014,,,,
is-resolvable,1,1.41839,1.4506636,0.0322736,,,,
chalk,7,2.0645393,1.8440893,-0.22045,,,,
ssri,4,2.1853594,1.7556845,-0.4296749,,,,
postcss-value-parser,1,1.410096,1.3414708,-0.0686252,,,,
os-locale,27,2.9292148,2.9950947,0.0658799,,,,
xml2js,3,1.6852768,1.667473,-0.0178038,,,,
babel-code-frame,10,2.0773849,1.9798737,-0.0975112,,,,
postcss-modules-local-by-default,17,2.4734429,3.2208338,0.7473909,,,,
#NAME?,20,2.9869387,2.9271241,-0.0598146,,,,
parse-headers,1,1.4267202,1.5740201,0.1472999,,,,
webpack-dev-middleware,19,2.5912667,2.1517264,-0.4395403,,,,
cacache,53,3.9814264,4.198173,0.2167466,,,,
terser,5,2.0051907,1.8240984,-0.1810923,,,,
cssdb,1,1.4187437,1.5844068,0.1656631,,,,
apollo-cache,6,1.9467528,1.6997789,-0.2469739,,,,
postcss-focus-within,11,2.1182559,2.3055074,0.1872515,,,,
chokidar,15,2.365208,2.3698044,0.0045964,,,,
clean-urls,79,6.0048662,5.6642058,-0.3406604,,,,
batch,1,1.4187716,1.3119627,-0.1068089,,,,
extend-shallow,5,1.9364808,1.8518631,-0.0846177,,,,
ast-types-flow,1,1.6066436,1.4796664,-0.1269772,,,,
git-source,6,1.7706697,2.1766663,0.4059966,,,,
decode-uri-component,1,1.35769,1.3801345,0.0224445,,,,
p-reduce,1,1.2912464,1.8173518,0.5261054,,,,
whatwg-url,5,1.6075809,1.8652331,0.2576522,,,,
find-cache-dir,11,2.0533513,2.1212098,0.0678585,,,,
sass-graph,69,6.1424128,5.7548078,-0.387605,,,,
debug,2,1.6970155,1.4446407,-0.2523748,,,,
css-blank-pseudo,11,2.3646791,2.2111086,-0.1535705,,,,
#NAME?,19,3.2795773,3.38246,0.1028827,,,,
yallist,1,1.346857,1.3908632,0.0440062,,,,
is-descriptor,1,1.2475858,1.4794848,0.231899,,,,
term-size,1,2.4824182,1.3436686,-1.1387496,,,,
can-use-dom,1,1.5183006,1.293384,-0.2249166,,,,
forever-agent,1,1.3522629,1.6405802,0.2883173,,,,
#NAME?,1,1.4578402,1.3804939,-0.0773463,,,,
postcss,10,3.0772836,2.2207253,-0.8565583,,,,
trim-repeated,2,1.4610991,1.5476862,0.0865871,,,,
to-regex,14,2.004654,2.2509603,0.2463063,,,,
esprima,1,1.3337315,1.5851819,0.2514504,,,,
json-schema,1,1.1867593,1.4061989,0.2194396,,,,
regenerator-transform,2,1.388603,1.6664846,0.2778816,,,,
slide,1,1.2360826,1.3670039,0.1309213,,,,
#NAME?,32,3.589145,4.507971,0.918826,,,,
p-limit,2,1.3707917,1.5459989,0.1752072,,,,
browserify-des,6,1.8911344,1.7459224,-0.145212,,,,
node-gyp,101,6.7036816,6.7134951,0.0098135,,,,
etag,1,1.5044818,1.7772595,0.2727777,,,,
is-upper-case,2,1.1805967,1.4382619,0.2576652,,,,
json-stringify-safe,1,1.2865923,1.6149447,0.3283524,,,,
source-map,1,1.4998564,1.5682726,0.0684162,,,,
glob,11,2.0447161,1.9912763,-0.0534398,,,,
postcss-discard-comments,11,2.0416717,2.1610021,0.1193304,,,,
jest-message-util,283,19.7394076,19.8942177,0.1548101,,,,
better-queue-memory,1,1.4093011,1.2244838,-0.1848173,,,,
dompurify,1,1.2780111,1.4664474,0.1884363,,,,
#NAME?,89,7.5005283,6.9231943,-0.577334,,,,
qs,1,1.736125,1.3791193,-0.3570057,,,,
fs-constants,1,1.2932275,1.4200382,0.1268107,,,,
fastparse,1,1.4475505,1.3386666,-0.1088839,,,,
tmpl,1,1.516764,1.4851882,-0.0315758,,,,
buffer-alloc-unsafe,1,1.3485725,1.3080213,-0.0405512,,,,
apollo-tracing,48,14.6625653,14.6868782,0.0243129,,,,
bl,6,1.925042,2.0230578,0.0980158,,,,
#NAME?,18,4.255016,3.4481567,-0.8068593,,,,
#NAME?,5,2.1476558,2.1208405,-0.0268153,,,,
sax,1,1.4940086,1.6743177,0.1803091,,,,
#NAME?,22,3.8573946,3.5593238,-0.2980708,,,,
supports-color,2,1.5644678,1.997803,0.4333352,,,,
setprototypeof,1,1.3931472,1.5011116,0.1079644,,,,
regjsgen,1,1.2406225,1.414276,0.1736535,,,,
babel-plugin-transform-es2015-duplicate-keys,8,3.0435295,2.9151764,-0.1283531,,,,
engine.io-client,22,2.2478206,2.5896983,0.3418777,,,,
normalize-package-data,10,2.1055774,2.0485892,-0.0569882,,,,
jest-config,447,35.0888416,35.0907538,0.0019122,,,,
glob,11,2.0951716,1.9371623,-0.1580093,,,,
inquirer,37,6.8869318,6.2758747,-0.6110571,,,,
sails.io.js-dist,1,1.4021005,1.5023963,0.1002958,,,,
shebang-command,2,1.6393758,1.5079446,-0.1314312,,,,
es6-promise,1,1.2497758,1.4467382,0.1969624,,,,
css-loader,36,4.3762584,4.1815276,-0.1947308,,,,
#NAME?,11,2.1882945,2.4249974,0.2367029,,,,
timers-browserify,2,1.5269175,1.647796,0.1208785,,,,
tmp,13,2.4544819,2.0231713,-0.4313106,,,,
define-property,6,1.7208469,1.6893944,-0.0314525,,,,
#NAME?,4,1.9742181,2.0372374,0.0630193,,,,
worker-farm,3,1.3869156,1.6374967,0.2505811,,,,
isobject,1,1.3972077,1.5870337,0.189826,,,,
duplexify,10,2.1731612,2.0061213,-0.1670399,,,,
is-symbol,2,1.5767929,1.4483549,-0.128438,,,,
object-visit,2,1.4590895,1.5606214,0.1015319,,,,
get-stream,5,1.6521535,1.7751836,0.1230301,,,,
#NAME?,60,7.2681167,7.3164099,0.0482932,,,,
is-path-in-cwd,2,1.3447519,1.5074128,0.1626609,,,,
workbox-precaching,2,1.6200896,1.6495669,0.0294773,,,,
measured-reporting,6,2.1092931,1.5485731,-0.56072,,,,
fresh,1,1.5176847,1.2406047,-0.27708,,,,
regenerate,1,1.3599162,1.4764975,0.1165813,,,,
array-filter,1,1.6187608,1.4562156,-0.1625452,,,,
async-limiter,1,1.6123419,1.3525224,-0.2598195,,,,
get-stdin,1,1.4342858,1.3660761,-0.0682097,,,,
lodash.defaults,1,1.279942,1.3560041,0.0760621,,,,
semver-truncate,2,1.4243388,1.3337777,-0.0905611,,,,
opentracing,1,1.0942798,1.2051151,0.1108353,,,,
uniq,1,1.300412,1.5745818,0.2741698,,,,
atob,1,1.1669203,1.2087183,0.041798,,,,
eslint-plugin-angular,1,1.2341334,1.4801519,0.2460185,,,,
serve-index,15,2.0341681,2.4415599,0.4073918,,,,
async,1,1.3930708,1.4768035,0.0837327,,,,
rimraf,12,2.0755178,2.069342,-0.0061758,,,,
clone-stats,1,1.5324783,1.3847822,-0.1476961,,,,
isarray,1,1.59625,1.4480995,-0.1481505,,,,
supports-color,2,1.3596438,2.4311612,1.0715174,,,,
map-cache,1,1.2916045,1.6180603,0.3264558,,,,
create-hmac,9,1.7822047,1.9103841,0.1281794,,,,
path-dirname,1,1.5741517,1.373646,-0.2005057,,,,
natural-compare,1,1.274213,1.3916885,0.1174755,,,,
string-length,4,1.5804632,1.7109514,0.1304882,,,,
eslint-plugin-react,31,5.0699417,5.1248698,0.0549281,,,,
strip-indent,2,1.4323963,1.3088823,-0.123514,,,,
vary,1,1.5508698,1.4032429,-0.1476269,,,,
#NAME?,128,24.9363051,24.4019032,-0.5344019,,,,
brace-expansion,3,1.6175478,1.6914349,0.0738871,,,,
lodash.tail,1,2.3227905,1.3292215,-0.993569,,,,
is-wsl,1,1.3603866,1.6256876,0.265301,,,,
methods,1,1.5311656,1.280491,-0.2506746,,,,
cross-spawn,6,1.7404066,1.8963944,0.1559878,,,,
saucelabs,97,6.1578565,6.6942681,0.5364116,,,,
detect-file,1,1.7169402,11.3506306,9.6336904,,,,
node-cache,2,1.9648887,1.6439601,-0.3209286,,,,
rc,5,1.5947229,1.7647818,0.1700589,,,,
#NAME?,3,1.499073,1.5286692,0.0295962,,,,
is-descriptor,1,1.3901927,1.4443657,0.054173,,,,
regex-not,8,1.9786333,1.9748502,-0.0037831,,,,
sax,1,1.4517786,1.6374405,0.1856619,,,,
qs,1,1.3254497,1.4761988,0.1507491,,,,
cache-manager-fs-hash,4,1.4985657,1.69409,0.1955243,,,,
core-util-is,1,1.4196172,1.2970505,-0.1225667,,,,
pump,4,1.6393702,1.6285209,-0.0108493,,,,
util,21,3.5899438,3.6128159,0.0228721,,,,
del,47,4.5072969,4.7073759,0.200079,,,,
#NAME?,15,3.0279486,3.0285514,0.0006028,,,,
setprototypeof,1,1.2655287,1.4126618,0.1471331,,,,
json-api-normalizer,2,1.6326084,1.6993052,0.0666968,,,,
stylelint-selector-bem-pattern,282,26.0178369,26.3487582,0.3309213,,,,
fill-range,3,1.5265601,1.719732,0.1931719,,,,
remove-trailing-separator,1,1.5032486,1.336729,-0.1665196,,,,
#NAME?,278,19.6993354,20.0267329,0.3273975,,,,
markdown-it,7,1.7487361,1.69413,-0.0546061,,,,
crypto-browserify,34,3.0729367,3.134458,0.0615213,,,,
imagemin-pngquant,231,27.2231758,15.4160144,-11.8071614,,,,
express,50,3.6923014,3.5849111,-0.1073903,,,,
clone-deep,5,1.5095351,1.7910643,0.2815292,,,,
clone-deep,5,1.5868059,2.0887936,0.5019877,,,,
hpack.js,12,1.7730502,2.0063212,0.233271,,,,
array-flatten,1,1.2925321,1.3205924,0.0280603,,,,
loglevel,1,1.4060023,1.6396837,0.2336814,,,,
invert-kv,1,1.2990949,1.4835008,0.1844059,,,,
regjsparser,2,1.5992584,1.4336569,-0.1656015,,,,
lodash.islength,1,1.348122,1.4592353,0.1111133,,,,
raven,9,1.9380497,1.6649908,-0.2730589,,,,
path-root,2,1.3664479,1.6764028,0.3099549,,,,
camelcase,1,1.6032722,1.5042767,-0.0989955,,,,
fill-range,3,1.4682754,1.5688482,0.1005728,,,,
aws4,1,1.4741936,1.4652058,-0.0089878,,,,
babel-helper-define-map,28,4.3104048,5.3470107,1.0366059,,,,
lodash._root,1,1.4004174,1.5325844,0.132167,,,,
jest-validate,20,2.6326256,2.7848917,0.1522661,,,,
buffer-fill,1,1.2641807,1.3844839,0.1203032,,,,
#NAME?,5,1.6767422,1.58768,-0.0890622,,,,
async,1,1.3659021,1.3401869,-0.0257152,,,,
rimraf,12,3.1648523,2.0606603,-1.104192,,,,
resolve-url-loader,47,8.0979542,7.4003436,-0.6976106,,,,
glob,11,1.9641338,2.204124,0.2399902,,,,
depd,1,1.4711293,1.3963933,-0.074736,,,,
glob,11,1.9098073,1.9666141,0.0568068,,,,
readable-stream,5,1.6809466,1.8036771,0.1227305,,,,
string.prototype.padstart,16,2.9357695,3.0930001,0.1572306,,,,
path-parse,1,1.4119023,1.6186638,0.2067615,,,,
json-schema-traverse,1,1.2566954,1.3579676,0.1012722,,,,
fill-range,3,1.5295847,1.4654903,-0.0640944,,,,
hoek,1,1.6355487,1.3023241,-0.3332246,,,,
#NAME?,30,4.4967558,4.7233287,0.2265729,,,,
stream-http,8,1.7651983,1.7789457,0.0137474,,,,
memory-pager,1,1.4684488,1.2723124,-0.1961364,,,,
shallow-clone,2,1.3703895,1.4197372,0.0493477,,,,
jest-matcher-utils,20,2.9580868,2.7339604,-0.2241264,,,,
p-reduce,1,1.3386833,1.3448283,0.006145,,,,
read,2,1.636473,1.5740749,-0.0623981,,,,
is-relative,3,2.244049,1.6648524,-0.5791966,,,,
#NAME?,1,1.2526671,1.4275047,0.1748376,,,,
graceful-readlink,1,1.3805969,1.6407342,0.2601373,,,,
#NAME?,31,3.4257402,3.3834965,-0.0422437,,,,
arr-diff,1,1.4209666,1.4600642,0.0390976,,,,
emojis-list,1,1.3120318,1.2935952,-0.0184366,,,,
detect-libc,1,1.2433441,1.4391248,0.1957807,,,,
json-loader,1,1.4740139,1.3024808,-0.1715331,,,,
console-browserify,1,1.335273,1.4644605,0.1291875,,,,
postcss-custom-media,11,2.4036221,2.1705192,-0.2331029,,,,
escodegen,12,1.7080786,1.844205,0.1361264,,,,
#NAME?,28,3.8954045,4.1026676,0.2072631,,,,
rfdc,1,1.3331799,1.6695872,0.3364073,,,,
babel-plugin-transform-async-to-generator,30,4.2403314,4.2474154,0.007084,,,,
jest-each,23,3.0442402,2.9536956,-0.0905446,,,,
debug,2,1.4057471,1.6083846,0.2026375,,,,
uglify-js,3,1.6556765,1.7936078,0.1379313,,,,
interpret,1,1.395156,1.3372838,-0.0578722,,,,
delayed-stream,1,1.2655864,1.2437168,-0.0218696,,,,
is-fullwidth-code-point,1,1.2332471,1.4166527,0.1834056,,,,
sass,16,3.5212165,3.2822225,-0.238994,,,,
snyk-gradle-plugin,15,2.0751107,2.3205021,0.2453914,,,,
node-fetch,1,1.3887586,1.3579093,-0.0308493,,,,
urix,1,1.3185915,1.4637431,0.1451516,,,,
abort-controller,2,1.3699955,1.5751567,0.2051612,,,,
isarray,1,1.4708443,1.4248023,-0.046042,,,,
prompts,3,1.4551541,1.4318657,-0.0232884,,,,
load-json-file,20,2.8588875,2.5711469,-0.2877406,,,,
shebang-regex,1,1.4479534,1.5306215,0.0826681,,,,
#NAME?,1,1.3570841,1.3565721,-0.000512,,,,
string_decoder,2,1.7009689,1.6009215,-0.1000474,,,,
camelcase,1,1.2819755,1.3470515,0.065076,,,,
copy-descriptor,1,1.5815034,1.5695725,-0.0119309,,,,
hoist-non-react-statics,2,1.410108,1.4602111,0.0501031,,,,
babel-helper-to-multiple-sequence-expressions,1,1.4510306,1.4924974,0.0414668,,,,
sass-graph,69,5.3318116,5.376889,0.0450774,,,,
object.entries,16,3.0894453,3.0992785,0.0098332,,,,
setprototypeof,1,1.3865443,1.8689466,0.4824023,,,,
tap-yaml,4,1.8879151,1.9860689,0.0981538,,,,
resolve-url,1,1.2844529,1.2746894,-0.0097635,,,,
webpack-log,10,2.0392703,2.2374992,0.1982289,,,,
require-directory,1,1.2985371,1.5721097,0.2735726,,,,
chalk,7,1.9930247,2.0538496,0.0608249,,,,
vm-browserify,1,1.6475199,1.4037428,-0.2437771,,,,
setprototypeof,1,1.3577665,1.7444004,0.3866339,,,,
minimist,1,1.3962901,1.5507897,0.1544996,,,,
unicode-property-aliases-ecmascript,1,1.4839738,1.4641455,-0.0198283,,,,
d,8,4.0069055,3.9663413,-0.0405642,,,,
tough-cookie,4,1.4522269,1.686962,0.2347351,,,,
npm-bundled,2,1.3485635,1.5262463,0.1776828,,,,
error-ex,2,1.5154388,1.6348926,0.1194538,,,,
arr-flatten,1,1.3403436,1.4525845,0.1122409,,,,
tiny-warning,1,1.5772316,1.5148687,-0.0623629,,,,
#NAME?,29,3.7101631,4.4121215,0.7019584,,,,
modify-values,1,1.2724411,1.4051971,0.132756,,,,
normalize-range,1,1.4972045,1.359249,-0.1379555,,,,
source-list-map,1,1.321432,1.3032057,-0.0182263,,,,
shellwords,1,1.3404222,1.5541728,0.2137506,,,,
normalize-package-data,10,2.0858377,2.0686701,-0.0171676,,,,
json5,2,1.533115,1.5448542,0.0117392,,,,
regexp.prototype.flags,16,2.8671986,3.3157921,0.4485935,,,,
core-js-compat,7,2.898814,3.3403955,0.4415815,,,,
tiny-invariant,1,1.2420991,1.364448,0.1223489,,,,
load-json-file,20,2.3116229,2.6766843,0.3650614,,,,
portscanner,5,2.0671711,2.0750029,0.0078318,,,,
generate-function,2,1.4143352,1.4620268,0.0476916,,,,
jss-plugin-props-sort,7,2.3195715,2.2381563,-0.0814152,,,,
is-ssh,2,1.4423258,1.5172884,0.0749626,,,,
postcss-discard-comments,11,2.288313,2.4528084,0.1644954,,,,
postcss-color-mod-function,16,2.3224202,2.6020095,0.2795893,,,,
create-hmac,9,1.7298565,1.9371626,0.2073061,,,,
babel-helper-optimise-call-expression,8,3.0174797,3.2300977,0.212618,,,,
color-name,1,1.3871823,1.3157832,-0.0713991,,,,
get-func-name,1,1.4063499,1.5490416,0.1426917,,,,
type-check,2,1.366501,1.3881399,0.0216389,,,,
#NAME?,2,1.3195342,1.4516015,0.1320673,,,,
https-proxy-agent,4,1.6719254,1.8389939,0.1670685,,,,
array.prototype.flat,16,3.3696577,3.2649966,-0.1046611,,,,
ajv,6,1.7931239,2.1499861,0.3568622,,,,
inherits,1,1.3151629,1.5603978,0.2452349,,,,
requizzle,2,1.8285208,1.8721901,0.0436693,,,,
merge-stream,1,1.360384,1.3629382,0.0025542,,,,
memory-pager,1,1.279518,1.4188883,0.1393703,,,,
#NAME?,1,1.4534812,1.5415377,0.0880565,,,,
replace-ext,1,1.2211155,1.3980816,0.1769661,,,,
jest-util,18,2.8784062,2.6703238,-0.2080824,,,,
core-util-is,1,1.5204384,1.3426307,-0.1778077,,,,
lru-cache,2,1.937818,1.403411,-0.534407,,,,
parse-filepath,9,2.2676007,1.9499907,-0.31761,,,,
default-compare,2,1.4494699,1.4926729,0.043203,,,,
gtoken,19,3.1234621,2.9687685,-0.1546936,,,,
object.fromentries,16,3.088181,3.2314457,0.1432647,,,,
pako,1,1.5217835,1.3788197,-0.1429638,,,,
faye-websocket,5,1.6542274,1.6071174,-0.04711,,,,
fs-extra,4,1.305616,2.5369114,1.2312954,,,,
webpack,393,19.854376,20.2617617,0.4073857,,,,
#NAME?,19,2.4062105,2.6290915,0.222881,,,,
marked-terminal,19,2.8465395,2.9587871,0.1122476,,,,
base-64,1,1.1746727,1.4875503,0.3128776,,,,
map-visit,3,1.5229786,1.7943671,0.2713885,,,,
get-stream,5,1.7166447,1.8835092,0.1668645,,,,
any-promise,1,1.268815,1.5668328,0.2980178,,,,
buffer-equal-constant-time,1,1.3591463,1.520352,0.1612057,,,,
commander,1,1.2663949,1.4943204,0.2279255,,,,
caller-path,3,1.7086056,2.5740324,0.8654268,,,,
postcss-discard-empty,11,2.3763944,2.3270944,-0.0493,,,,
string-width,5,1.779912,1.6826541,-0.0972579,,,,
to-no-case,1,2.2852292,1.2772229,-1.0080063,,,,
global-tunnel-ng,9,2.1952667,2.3217241,0.1264574,,,,
flatten,1,1.331799,1.3992804,0.0674814,,,,
cliui,11,2.5121358,2.1727542,-0.3393816,,,,
isobject,1,1.4120216,1.4900899,0.0780683,,,,
chownr,1,1.4898879,1.4359574,-0.0539305,,,,
string-width,5,1.8145315,1.5439027,-0.2706288,,,,
is-ci,2,1.3986065,1.7511866,0.3525801,,,,
semver,1,1.2935723,1.3946052,0.1010329,,,,
geojson-equality,20,3.629133,3.7448204,0.1156874,,,,
#NAME?,88,6.1478948,6.8839442,0.7360494,,,,
isobject,1,1.1641943,1.1589538,-0.0052405,,,,
cypress,191,30.1325083,31.0797821,0.9472738,,,,
sax,1,1.2914968,2.9199025,1.6284057,,,,
oauth-sign,1,1.2833587,1.5593887,0.27603,,,,
lodash.clonedeep,1,1.3302585,1.6958052,0.3655467,,,,
tslint-consistent-codestyle,9,2.3260977,2.2138491,-0.1122486,,,,
graceful-fs,1,1.4778391,2.3203128,0.8424737,,,,
supports-color,2,1.4956424,1.6328324,0.13719,,,,
imurmurhash,1,1.2741139,1.462503,0.1883891,,,,
ansi-regex,1,1.5377254,1.394191,-0.1435344,,,,
ansi-align,6,1.6772257,1.6791368,0.0019111,,,,
react-app-polyfill,9,7.8793163,8.0707796,0.1914633,,,,
ignore,1,1.368303,1.5077792,0.1394762,,,,
uuid,1,1.4473567,1.5174986,0.0701419,,,,
ee-first,1,1.4787389,1.4672299,-0.011509,,,,
ember-cli-preprocess-registry,89,7.6216253,7.1944065,-0.4272188,,,,
has-value,5,1.7808988,2.1051705,0.3242717,,,,
web3-eth-personal,80,13.2991979,14.0649366,0.7657387,,,,
mixin-deep,1,1.2873758,1.6869612,0.3995854,,,,
stream-shift,1,1.4871609,2.8056231,1.3184622,,,,
tslib,1,1.3055187,1.4131025,0.1075838,,,,
zwitch,1,1.5081727,1.4157589,-0.0924138,,,,
ordered-ast-traverse,2,1.6373802,1.5485259,-0.0888543,,,,
#NAME?,1,1.3409558,1.5755006,0.2345448,,,,
ansi-escapes,2,1.3678246,1.7325788,0.3647542,,,,
#NAME?,6,4.3625006,4.6328986,0.270398,,,,
path-exists,1,1.3323772,1.4361158,0.1037386,,,,
#NAME?,32,4.1288429,4.3189357,0.1900928,,,,
micromatch,6,1.9494876,1.9430487,-0.0064389,,,,
d3-transition,7,1.7436375,1.7784569,0.0348194,,,,
class-validator,4,1.6788584,1.6690448,-0.0098136,,,,
bail,1,1.3524673,1.3201723,-0.032295,,,,
parseurl,1,1.3527844,1.5879393,0.2351549,,,,
har-schema,1,1.341698,1.3319038,-0.0097942,,,,
socket.io-adapter,1,1.1959507,1.52064,0.3246893,,,,
npm-run-path,2,1.3841191,1.5683018,0.1841827,,,,
type-fest,1,1.4751134,1.3522008,-0.1229126,,,,
chalk,7,1.8225401,2.0431408,0.2206007,,,,
is-extendable,3,1.4886482,1.6979097,0.2092615,,,,
strip-ansi,2,1.4268818,1.5078753,0.0809935,,,,
cliui,11,2.2930903,2.2268148,-0.0662755,,,,
is-glob,2,1.4973001,1.5692387,0.0719386,,,,
pako,1,1.6876543,1.4668895,-0.2207648,,,,
copy-concurrently,28,2.7042159,3.1085735,0.4043576,,,,
shallowequal,1,1.3868741,1.2780192,-0.1088549,,,,
glob-parent,3,1.7465176,1.5449986,-0.201519,,,,
upath,1,1.3606334,1.4918756,0.1312422,,,,
homedir-polyfill,2,1.4957445,1.5569506,0.0612061,,,,
rimraf,12,2.261266,2.1069729,-0.1542931,,,,
type-check,2,1.4745891,1.3833856,-0.0912035,,,,
imurmurhash,1,2.257271,3.3106758,1.0534048,,,,
vue-property-decorator,2,1.0917967,1.1643366,0.0725399,,,,
acorn,1,1.8254648,1.359355,-0.4661098,,,,
urix,1,1.4200965,1.3642792,-0.0558173,,,,
map-obj,1,1.7373709,1.3982168,-0.3391541,,,,
common-tags,1,1.3522997,1.5128738,0.1605741,,,,
external-editor,6,2.1320294,1.8772534,-0.254776,,,,
#NAME?,1,1.5109546,1.75035,0.2393954,,,,
#NAME?,11,2.2732547,2.4353172,0.1620625,,,,
vm-browserify,1,1.5106471,1.3513,-0.1593471,,,,
koalas,1,1.5393693,1.5472275,0.0078582,,,,
joi,5,1.6350299,1.8198354,0.1848055,,,,
getpass,2,1.5200167,1.7572199,0.2372032,,,,
jest-message-util,283,20.3694809,20.2138667,-0.1556142,,,,
postcss-discard-overridden,11,2.6008531,2.197821,-0.4030321,,,,
eslint-plugin-flowtype,2,1.8084285,1.7805376,-0.0278909,,,,
minipass,2,1.6739422,1.4272054,-0.2467368,,,,
spdx-exceptions,1,1.2586793,1.6437288,0.3850495,,,,
find-root,1,1.4838728,1.457634,-0.0262388,,,,
object.getownpropertydescriptors,16,2.9423306,3.0070041,0.0646735,,,,
colors,1,1.5350083,1.3918938,-0.1431145,,,,
istanbul-lib-instrument,40,5.1959707,5.4261487,0.230178,,,,
react-moment-proptypes,2,2.1476006,2.3772927,0.2296921,,,,
glob-parent,3,2.2548429,1.5392655,-0.7155774,,,,
dir-glob,2,1.3563802,1.4858128,0.1294326,,,,
detect-newline,1,1.3749267,1.3295396,-0.0453871,,,,
#NAME?,2,1.6716881,1.7972144,0.1255263,,,,
#NAME?,1,1.5266984,1.6358565,0.1091581,,,,
debug,2,1.7390074,1.4129818,-0.3260256,,,,
csstype,1,1.653034,1.3054887,-0.3475453,,,,
webpack-dev-server,471,28.5530125,26.7985026,-1.7545099,,,,
supports-color,2,1.4749535,1.8867487,0.4117952,,,,
ipaddr.js,1,1.4629731,2.198793,0.7358199,,,,
array-map,1,1.4581861,1.5279861,0.0698,,,,
jest-runtime,437,33.4022048,33.776132,0.3739272,,,,
unique-filename,3,2.1834067,1.6706721,-0.5127346,,,,
js-tokens,1,1.3781799,1.5353682,0.1571883,,,,
dom-converter,2,1.5934299,1.47508,-0.1183499,,,,
util.promisify,17,3.5002522,3.5119213,0.0116691,,,,
eslint-import-resolver-node,5,1.6395763,1.637901,-0.0016753,,,,
jasmine-core,1,1.4277099,1.5338283,0.1061184,,,,
eslint-scope,3,1.6908984,1.4312211,-0.2596773,,,,
react-test-renderer,7,2.1121135,2.187354,0.0752405,,,,
forever-agent,1,1.2855057,1.4505324,0.1650267,,,,
fb,56,5.2210721,5.2969523,0.0758802,,,,
jsesc,1,1.3535789,1.4789155,0.1253366,,,,
header-case,6,1.7849369,1.8334256,0.0484887,,,,
glob,11,1.9980293,1.9100899,-0.0879394,,,,
is-plain-object,2,1.3523111,1.7199741,0.367663,,,,
parallel-transform,10,1.7856746,2.0687981,0.2831235,,,,
json3,1,1.3135515,1.5654952,0.2519437,,,,
optionator,7,1.5447226,1.5745823,0.0298597,,,,
path-exists,1,1.5753123,1.5595346,-0.0157777,,,,
wrappy,1,1.3515402,1.4798794,0.1283392,,,,
inflight,3,1.5218148,1.6205826,0.0987678,,,,
lodash.unescape,1,1.526309,1.3339592,-0.1923498,,,,
#NAME?,114,7.9648202,7.9175407,-0.0472795,,,,
babel-preset-jest,10,2.4102631,2.5760438,0.1657807,,,,
camelcase,1,1.4370798,1.4162992,-0.0207806,,,,
postcss-selector-matches,12,2.454248,2.5357408,0.0814928,,,,
faye-websocket,5,1.5884196,1.8994423,0.3110227,,,,
regjsparser,2,1.5233753,1.7165883,0.193213,,,,
evp_bytestokey,5,1.7270694,2.039639,0.3125696,,,,
#NAME?,2,1.4932863,1.8617693,0.368483,,,,
scriptjs,1,1.409981,1.3728728,-0.0371082,,,,
inquirer,37,6.8472317,6.3592248,-0.4880069,,,,
object-visit,2,1.3889167,1.4576986,0.0687819,,,,
isstream,1,1.2689548,1.3169094,0.0479546,,,,
is-utf8,1,1.4455697,1.4322988,-0.0132709,,,,
jest-matcher-utils,20,3.0084902,2.7741751,-0.2343151,,,,
fb-watchman,3,1.4824765,1.7319245,0.249448,,,,
cyclist,1,1.4635811,1.2772116,-0.1863695,,,,
resolve-url,1,1.4646527,1.7675175,0.3028648,,,,
is-retry-allowed,1,1.5561745,1.3994085,-0.156766,,,,
duplexify,10,2.0222792,2.0255647,0.0032855,,,,
basic-auth,2,1.4880036,1.6414884,0.1534848,,,,
core-js-pure,1,6.8228838,6.8835153,0.0606315,,,,
tslib,1,1.2529922,1.2233852,-0.029607,,,,
validate-npm-package-license,5,1.5748784,1.7655922,0.1907138,,,,
#NAME?,1,1.2054227,1.3044132,0.0989905,,,,
micromatch,6,2.2864257,2.0280148,-0.2584109,,,,
create-error-class,2,1.879582,1.4915792,-0.3880028,,,,
source-map-resolve,6,2.2437074,1.6828549,-0.5608525,,,,
jest-haste-map,177,7.1196227,11.1242724,4.0046497,,,,
globby,23,2.7303393,2.3015146,-0.4288247,,,,
caniuse-api,8,3.131911,4.1599418,1.0280308,,,,
get-value,2,1.4453072,1.5114822,0.066175,,,,
lowercase-keys,1,1.3504746,1.4803645,0.1298899,,,,
collection-visit,4,1.6877164,1.657837,-0.0298794,,,,
assert,25,3.7369862,4.0777981,0.3408119,,,,
infer-owner,1,1.3999117,1.5464666,0.1465549,,,,
#NAME?,36,4.9456796,4.6863095,-0.2593701,,,,
registry-url,6,1.7552571,1.8241132,0.0688561,,,,
lodash,1,1.6566666,1.8313436,0.174677,,,,
fs.realpath,1,1.3482805,1.3837967,0.0355162,,,,
cssnano-util-get-arguments,1,1.5589459,1.2674121,-0.2915338,,,,
pify,1,1.1881196,1.3677588,0.1796392,,,,
mdn-data,1,1.3688079,1.3232548,-0.0455531,,,,
yargs,27,2.7505455,3.1743701,0.4238246,,,,
util.promisify,17,3.145706,3.5400326,0.3943266,,,,
amqplib,15,2.3506201,2.5434372,0.1928171,,,,
semver,1,1.2509783,1.2223654,-0.0286129,,,,
#NAME?,2,1.5776479,1.5917534,0.0141055,,,,
async,1,1.4661697,1.3416425,-0.1245272,,,,
#NAME?,24,4.8130776,4.6743719,-0.1387057,,,,
postcss-discard-empty,11,2.2822747,2.4378377,0.155563,,,,
rgba-regex,1,1.1527253,1.4469734,0.2942481,,,,
import-cwd,3,1.4248293,1.6354585,0.2106292,,,,
kind-of,1,1.3801673,1.6369109,0.2567436,,,,
glob,11,1.8575243,1.7742591,-0.0832652,,,,
#NAME?,2,1.6207451,1.5915864,-0.0291587,,,,
#NAME?,626,54.5085388,53.2832891,-1.2252497,,,,
envinfo,1,1.5496925,1.3098117,-0.2398808,,,,
array-filter,1,1.5116128,1.3802787,-0.1313341,,,,
jsonwebtoken,15,1.7612254,1.8781394,0.116914,,,,
aws-sign2,1,1.5980575,1.6731554,0.0750979,,,,
proto-list,1,1.3006353,1.4316416,0.1310063,,,,
jsbn,1,1.6884896,1.4874211,-0.2010685,,,,
tough-cookie,4,1.5459092,1.5527916,0.0068824,,,,
osenv,3,1.5660538,1.4889816,-0.0770722,,,,
is-binary-path,2,1.3017981,1.4011126,0.0993145,,,,
source-map-support,3,1.6459926,1.5919093,-0.0540833,,,,
posix-character-classes,1,1.4321478,1.4241821,-0.0079657,,,,
buffers,1,1.2742924,2.8958421,1.6215497,,,,
node-releases,2,1.6021661,1.5953115,-0.0068546,,,,
global-modules,6,1.8806476,1.8590839,-0.0215637,,,,
pretty-error,23,2.8131273,2.9743598,0.1612325,,,,
create-ecdh,9,2.1054753,1.7933961,-0.3120792,,,,
has-value,5,1.8379057,1.7201812,-0.1177245,,,,
xxhashjs,2,1.6067993,1.4885256,-0.1182737,,,,
#NAME?,3,1.6968066,1.9116799,0.2148733,,,,
is-alphanumerical,3,1.4906088,1.6603176,0.1697088,,,,
escodegen,12,1.7329917,1.9810515,0.2480598,,,,
moo,1,1.5014436,1.5305242,0.0290806,,,,
log-symbols,8,2.5475273,2.1296833,-0.417844,,,,
safer-buffer,1,1.2965738,1.1333561,-0.1632177,,,,
statuses,1,1.3540593,1.3851246,0.0310653,,,,
#NAME?,7,2.089436,1.8765641,-0.2128719,,,,
#NAME?,28,4.1737299,4.3220674,0.1483375,,,,
yargs-parser,3,1.5178054,1.5694924,0.051687,,,,
escodegen,12,1.7659271,1.9094931,0.143566,,,,
component-emitter,1,3.0973845,3.2387727,0.1413882,,,,
rimraf,12,4.2850747,4.3207454,0.0356707,,,,
har-validator,8,4.2520251,4.4217501,0.169725,,,,
acorn,1,3.1468867,3.3659382,0.2190515,,,,
connect-history-api-fallback,1,3.0547909,3.0890001,0.0342092,,,,
through2,6,3.8007494,3.9926298,0.1918804,,,,
builtin-modules,1,2.8493891,3.1542349,0.3048458,,,,
import-lazy,1,2.8733936,3.1336419,0.2602483,,,,
p-cancelable,1,3.1967255,3.3446931,0.1479676,,,,
asn1.js,5,3.5772498,3.7113249,0.1340751,,,,
finalhandler,10,4.1505805,4.0793371,-0.0712434,,,,
babel-preset-stage-3,40,10.7369728,10.8962631,0.1592903,,,,
is-windows,1,3.0719743,3.4938796,0.4219053,,,,
import-local,10,1.6326075,2.0745905,0.441983,,,,
js-levenshtein,1,1.0309209,1.4083605,0.3774396,,,,
#NAME?,5,1.9470378,1.8099476,-0.1370902,,,,
ansi-escape-sequences,2,1.3879783,1.4691623,0.081184,,,,
hex2dec,1,1.2093484,1.3232525,0.1139041,,,,
metro-resolver,2,1.7174088,1.4804976,-0.2369112,,,,
pm2-axon-rpc,3,1.4996624,1.8303727,0.3307103,,,,
#NAME?,32,5.0311688,4.6839244,-0.3472444,,,,
#NAME?,29,4.3045,4.9315755,0.6270755,,,,
renderkid,22,2.9172414,2.7098446,-0.2073968,,,,
strip-json-comments,1,1.2933936,1.413789,0.1203954,,,,
es-abstract,15,3.509323,2.9419693,-0.5673537,,,,
inherits,1,1.3819623,1.6978037,0.3158414,,,,
minimatch,4,1.8544423,1.8545616,0.0001193,,,,
kind-of,1,1.2538392,1.4918077,0.2379685,,,,
gaze,14,2.6508844,2.7174494,0.066565,,,,
globby,23,3.0675982,3.1882221,0.1206239,,,,
babel-plugin-transform-es2015-unicode-regex,14,3.7429209,3.5899785,-0.1529424,,,,
babel-generator,16,3.6809502,3.520991,-0.1599592,,,,
r2,5,1.6534635,1.8127736,0.1593101,,,,
optionator,7,1.7093207,1.7787472,0.0694265,,,,
abstract-leveldown,4,1.6695532,1.5557694,-0.1137838,,,,
istanbul-lib-instrument,40,6.3775814,5.014164,-1.3634174,,,,
os-tmpdir,1,1.3724626,1.429213,0.0567504,,,,
path-exists,1,1.2741574,1.6783068,0.4041494,,,,
speed-measure-webpack-plugin,8,1.9908577,2.2469139,0.2560562,,,,
aggregate-error,3,1.7730655,1.7160422,-0.0570233,,,,
define-properties,2,1.4639637,1.5042068,0.0402431,,,,
https-proxy-agent,4,1.6926834,1.659442,-0.0332414,,,,
entities,1,1.2712583,1.3581337,0.0868754,,,,
string-width,5,1.7936471,1.8974916,0.1038445,,,,
inherits,1,1.3193796,1.4741777,0.1547981,,,,
vary,1,1.3604944,1.4782296,0.1177352,,,,
is-arrayish,1,1.3838542,1.5523743,0.1685201,,,,
create-ecdh,9,1.6090389,1.801841,0.1928021,,,,
ignore,1,1.288977,1.418162,0.129185,,,,
array-flatten,1,1.5681602,1.3810248,-0.1871354,,,,
ejs,1,1.3710267,1.545615,0.1745883,,,,
babel-register,52,5.6596768,5.8841339,0.2244571,,,,
body-parser,22,2.6655845,2.8805666,0.2149821,,,,
serialize-error,2,1.5787131,1.5504505,-0.0282626,,,,
delayed-stream,1,1.3803343,1.4370978,0.0567635,,,,
fresh,1,1.5797802,1.4873359,-0.0924443,,,,
buffer-alloc-unsafe,1,1.2982628,1.4149946,0.1167318,,,,
inherits,1,1.4728131,1.5225507,0.0497376,,,,
express-graphql,17,3.4795688,3.3135694,-0.1659994,,,,
ansi-styles,4,1.5689638,1.7983873,0.2294235,,,,
osenv,3,1.420172,1.4175687,-0.0026033,,,,
babel-plugin-syntax-object-rest-spread,1,1.3453333,1.4922855,0.1469522,,,,
define-property,6,1.5701059,2.9132354,1.3431295,,,,
cssdb,1,1.5356837,1.3525782,-0.1831055,,,,
#NAME?,1,1.1372759,1.3040693,0.1667934,,,,
osenv,3,1.4401206,1.5923989,0.1522783,,,,
is-data-descriptor,2,1.5318197,1.6888051,0.1569854,,,,
esprima,1,1.3487719,1.5314472,0.1826753,,,,
get-stream,5,1.88918,2.3034846,0.4143046,,,,
bignumber.js,1,1.2555146,1.3232163,0.0677017,,,,
to-object-path,3,1.5012831,1.7249653,0.2236822,,,,
imagemin-optipng,224,15.8512776,15.280717,-0.5705606,,,,
object-inspect,1,1.3962297,1.4384112,0.0421815,,,,
mime,1,1.3649827,1.3645283,-0.0004544,,,,
react-is,1,1.5580749,1.3496978,-0.2083771,,,,
socket.io-adapter,1,1.3721424,1.6909989,0.3188565,,,,
glogg,2,1.4460052,1.4941489,0.0481437,,,,
glob,11,2.2315162,2.2485757,0.0170595,,,,
#NAME?,4,1.9784492,2.0775438,0.0990946,,,,
#NAME?,29,5.2148017,4.3132029,-0.9015988,,,,
pkg-dir,7,1.7684397,2.0749754,0.3065357,,,,
#NAME?,5,1.6374027,1.5758344,-0.0615683,,,,
#NAME?,74,6.0579377,5.7209213,-0.3370164,,,,
type-is,4,1.9027649,1.7586425,-0.1441224,,,,
is-obj,1,1.3255888,1.2555342,-0.0700546,,,,
run-queue,2,1.5857335,1.5532599,-0.0324736,,,,
write-file-atomic,5,1.728895,1.582531,-0.146364,,,,
randomfill,3,1.8207247,1.5336969,-0.2870278,,,,
balanced-match,1,1.6498478,1.2606761,-0.3891717,,,,
#NAME?,16,3.2729245,3.8341863,0.5612618,,,,
ansi-colors,1,1.3636955,1.4362179,0.0725224,,,,
ansi-align,6,2.0278736,1.8109495,-0.2169241,,,,
#NAME?,3,1.431055,1.6326511,0.2015961,,,,
brace-expansion,3,1.4410399,1.3936281,-0.0474118,,,,
eslint-scope,3,2.5232269,1.5170445,-1.0061824,,,,
is-descriptor,1,1.3234813,1.2690152,-0.0544661,,,,
#NAME?,1,1.4616506,1.3679322,-0.0937184,,,,
get-stream,5,1.8934387,1.7661031,-0.1273356,,,,
deep-eql,2,1.6088628,1.606171,-0.0026918,,,,
#NAME?,2,1.5848365,1.3649418,-0.2198947,,,,
finalhandler,10,1.7288948,1.8597251,0.1308303,,,,
socks-proxy-agent,7,1.8958755,2.3599141,0.4640386,,,,
babel-messages,4,2.3724451,2.4904883,0.1180432,,,,
rgba-regex,1,2.1266297,1.4417087,-0.684921,,,,
pbkdf2,10,1.7693359,2.1288935,0.3595576,,,,
extract-text-webpack-plugin,17,3.1650788,2.7375971,-0.4274817,,,,
has-flag,1,1.4382346,1.6613072,0.2230726,,,,
pn,1,1.5099364,1.9389629,0.4290265,,,,
is-descriptor,1,1.2838021,1.504168,0.2203659,,,,
callsite,1,1.5567352,1.3792266,-0.1775086,,,,
chownr,1,1.5444655,1.3298187,-0.2146468,,,,
multicast-dns-service-types,1,1.3259139,1.4435704,0.1176565,,,,
ultron,1,1.3532633,1.4137352,0.0604719,,,,
#NAME?,2,1.5152334,1.383646,-0.1315874,,,,
lcid,2,1.5341928,1.6776923,0.1434995,,,,
strip-final-newline,1,1.5692667,1.5353859,-0.0338808,,,,
#NAME?,7,2.2532929,2.1179597,-0.1353332,,,,
create-hash,8,1.7390937,1.7676015,0.0285078,,,,
param-case,5,1.72966,1.8977147,0.1680547,,,,
component-emitter,1,1.5178377,1.5382922,0.0204545,,,,
lodash.sortby,1,1.2965622,1.364341,0.0677788,,,,
shebang-regex,1,1.4759178,1.5132412,0.0373234,,,,
schema-utils,8,2.1472774,2.0308884,-0.116389,,,,
ts-jest,15,2.5032106,2.1527219,-0.3504887,,,,
fs-write-stream-atomic,12,1.7229024,1.7784815,0.0555791,,,,
spdx-license-ids,1,1.5331242,1.4367566,-0.0963676,,,,
scheduler,4,1.5551237,1.6761895,0.1210658,,,,
ansi-regex,1,1.3081504,1.3458712,0.0377208,,,,
has-value,5,1.6629877,1.6043733,-0.0586144,,,,
url,3,1.6796392,1.6754176,-0.0042216,,,,
react-native-modal-datetime-picker,6,3.5505694,2.0980369,-1.4525325,,,,
flush-write-stream,6,1.8271775,1.9531078,0.1259303,,,,
mime,1,1.272494,1.6340268,0.3615328,,,,
sntp,5,1.4768232,1.4366548,-0.0401684,,,,
#NAME?,3,2.3885575,2.310104,-0.0784535,,,,
minimist-options,3,1.6206912,1.9783595,0.3576683,,,,
postcss-modules-values,12,2.3570309,2.8298971,0.4728662,,,,
randomatic,4,1.5753071,1.4586164,-0.1166907,,,,
find-cache-dir,11,2.216877,2.2298892,0.0130122,,,,
#NAME?,3,1.7137645,1.628148,-0.0856165,,,,
ccount,1,1.4812299,1.4589282,-0.0223017,,,,
formidable,1,1.3603779,1.3049813,-0.0553966,,,,
content-type,1,1.3256686,1.5722469,0.2465783,,,,
jest-haste-map,177,10.5889054,10.0242614,-0.564644,,,,
jest-runtime,437,35.5391321,34.2728884,-1.2662437,,,,
last-run,11,4.1844446,4.2294325,0.0449879,,,,
mime-types,2,1.3851462,1.3727628,-0.0123834,,,,
escope,16,4.9541759,4.9559329,0.001757,,,,
parallel-transform,10,1.6857368,1.8693042,0.1835674,,,,
methods,1,1.8544169,1.8034365,-0.0509804,,,,
https-proxy-agent,4,1.7531444,1.5322613,-0.2208831,,,,
ms,1,1.1746938,1.4996007,0.3249069,,,,
safer-buffer,1,1.3957725,1.5514947,0.1557222,,,,
spdy-transport,17,2.0654188,2.1865861,0.1211673,,,,
jest-watcher,285,20.9155236,21.1121736,0.19665,,,,
webpack-dev-middleware,19,2.5825159,2.3360916,-0.2464243,,,,
ldjson-stream,9,1.8598368,2.2549296,0.3950928,,,,
repeating,1,1.4265224,1.4575027,0.0309803,,,,
serve-static,21,2.4703151,2.2396111,-0.230704,,,,
busboy,3,1.6603776,1.688502,0.0281244,,,,
postcss-value-parser,1,1.3205331,1.3679006,0.0473675,,,,
#NAME?,30,4.216186,4.0438102,-0.1723758,,,,
ultron,1,1.3895567,1.5690838,0.1795271,,,,
apollo-link,8,2.1523255,1.9636196,-0.1887059,,,,
babel-helper-replace-supers,27,4.2557115,4.0857142,-0.1699973,,,,
cookie-signature,1,1.2833932,1.384813,0.1014198,,,,
lodash,1,1.7576016,1.682377,-0.0752246,,,,
punycode,1,1.4018097,1.447601,0.0457913,,,,
long,1,1.3288672,1.39181,0.0629428,,,,
#NAME?,4,1.5334301,1.7473532,0.2139231,,,,
has-ansi,2,1.4317591,1.4181145,-0.0136446,,,,
redent,4,1.6237056,1.5938101,-0.0298955,,,,
default-require-extensions,2,1.3769748,1.3784477,0.0014729,,,,
filesize,1,1.3408546,1.3072123,-0.0336423,,,,
decamelize,1,1.4858788,1.5941233,0.1082445,,,,
eslint-module-utils,10,2.0489209,2.1046421,0.0557212,,,,
signal-exit,1,1.5873764,1.3834578,-0.2039186,,,,
is-date-object,1,1.2808495,1.3086566,0.0278071,,,,
#NAME?,1,1.4462509,1.5547999,0.108549,,,,
webpack-merge,2,1.7397079,1.9290175,0.1893096,,,,
setprototypeof,1,1.3187885,1.4092837,0.0904952,,,,
strip-ansi,2,1.5147117,1.4685339,-0.0461778,,,,
browser-resolve,2,1.3995177,1.6944282,0.2949105,,,,
ansi-regex,1,1.3460459,1.4318511,0.0858052,,,,
inherits,1,1.6254001,1.4232649,-0.2021352,,,,
once,2,1.5274861,1.5857872,0.0583011,,,,
mamacro,1,1.4377063,1.3312311,-0.1064752,,,,
async,1,1.6361136,1.2923126,-0.343801,,,,
cross-spawn,6,1.8545899,1.8014903,-0.0530996,,,,
libxmljs,70,13.7866558,14.0503452,0.2636894,,,,
istanbul-lib-coverage,1,1.4999575,1.3471832,-0.1527743,,,,
batch-processor,1,1.6790822,1.4124758,-0.2666064,,,,
core-util-is,1,1.4089804,1.4053028,-0.0036776,,,,
node-releases,2,1.4156425,1.6064815,0.190839,,,,
methods,1,1.7475375,1.4259728,-0.3215647,,,,
postcss-selector-parser,4,1.5651863,1.5726201,0.0074338,,,,
content-disposition,2,1.5647779,1.4857882,-0.0789897,,,,
async-iterator-all,1,1.2838216,1.4148324,0.1310108,,,,
array-differ,1,1.1285359,1.654319,0.5257831,,,,
split-string,1,1.3751338,1.3834011,0.0082673,,,,
neo-async,1,1.2601036,1.3681973,0.1080937,,,,
regexpu-core,10,2.0753323,2.1614478,0.0861155,,,,
cyclist,1,1.3239052,1.4812787,0.1573735,,,,
babel-register,52,5.5895018,5.5244618,-0.06504,,,,
postcss-normalize-url,14,2.1575655,2.3046074,0.1470419,,,,
dir-glob,2,1.4253293,1.5088587,0.0835294,,,,
qs,1,1.3042557,1.3939718,0.0897161,,,,
#NAME?,1,1.3293056,1.4484868,0.1191812,,,,
neo-async,1,1.384253,1.5167981,0.1325451,,,,
source-map-url,1,1.3828964,1.5394467,0.1565503,,,,
debug,2,1.4415109,1.5280562,0.0865453,,,,
iconv-lite,2,1.6490586,1.5267299,-0.1223287,,,,
license-webpack-plugin,7,1.8508774,1.9213184,0.070441,,,,
prr,1,1.4131008,1.3002253,-0.1128755,,,,
webpack-merge,2,1.6857896,1.8192361,0.1334465,,,,
fill-range,3,1.7450377,1.7730875,0.0280498,,,,
is-binary-path,2,1.4385438,1.5985031,0.1599593,,,,
workbox-sw,1,1.4792236,1.5594902,0.0802666,,,,
stream-combiner,3,1.5768778,1.7620268,0.185149,,,,
caseless,1,1.2815074,1.2993782,0.0178708,,,,
strip-ansi,2,1.5632451,1.5896814,0.0264363,,,,
download,113,7.6626938,7.5764963,-0.0861975,,,,
process-nextick-args,1,1.5058817,1.5529137,0.047032,,,,
babel-plugin-transform-es2015-block-scoped-functions,4,2.342334,2.5256982,0.1833642,,,,
postcss-svgo,58,7.8901737,7.8022584,-0.0879153,,,,
source-map-support,3,1.4907538,1.6331158,0.142362,,,,
cliui,11,2.2357723,2.4711551,0.2353828,,,,
gherkin,22,3.3909843,3.4282193,0.037235,,,,
eventsource,5,2.1724414,2.2545181,0.0820767,,,,
jest-config,447,35.4311789,34.6412867,-0.7898922,,,,
is-path-cwd,1,1.3616989,1.6492685,0.2875696,,,,
p-try,1,1.2194984,1.5163531,0.2968547,,,,
#NAME?,2,1.4622517,1.687788,0.2255363,,,,
wrappy,1,1.4624984,1.547726,0.0852276,,,,
#NAME?,1,1.3301291,1.6571367,0.3270076,,,,
#NAME?,3,1.7626234,3.1369179,1.3742945,,,,
yargs,27,2.7976486,3.2552947,0.4576461,,,,
pm2-deploy,4,2.0907131,2.009309,-0.0814041,,,,
camelcase,1,1.4986022,1.351171,-0.1474312,,,,
execa,20,2.5604699,2.6876115,0.1271416,,,,
tslib,1,1.2993977,1.340854,0.0414563,,,,
setprototypeof,1,1.4690887,1.6060051,0.1369164,,,,
is-stream,1,1.3062243,1.4460374,0.1398131,,,,
clone,1,1.3562303,1.5020079,0.1457776,,,,
#NAME?,1,1.5091277,1.4004503,-0.1086774,,,,
array-union,1,1.3814533,1.5841911,0.2027378,,,,
fast-json-stable-stringify,1,1.2822868,1.4617791,0.1794923,,,,
#NAME?,28,4.1767207,4.0396981,-0.1370226,,,,
css-select,9,1.7831346,1.8409023,0.0577677,,,,
argparse,2,3.2860264,1.7449833,-1.5410431,,,,
undertaker-registry,1,1.4370385,1.3689082,-0.0681303,,,,
functional-red-black-tree,1,1.1886893,1.3225168,0.1338275,,,,
has-hover,2,1.6197963,1.4431584,-0.1766379,,,,
gcp-metadata,13,2.3031605,2.3054351,0.0022746,,,,
is-absolute-url,1,1.2598555,1.4963471,0.2364916,,,,
parse5,1,1.4314071,1.4089769,-0.0224302,,,,
postcss-convert-values,12,2.3968564,2.6386839,0.2418275,,,,
https-proxy-agent,4,1.6386701,1.868815,0.2301449,,,,
aria-query,5,9.9008066,9.6350586,-0.265748,,,,
cache-base,27,2.5780785,2.7840711,0.2059926,,,,
regexpp,1,1.3097824,1.7660477,0.4562653,,,,
strip-ansi,2,1.4793254,1.6218925,0.1425671,,,,
postcss-normalize-repeat-style,14,2.2976146,2.1644823,-0.1331323,,,,
minimist,1,1.7100083,1.5801726,-0.1298357,,,,
babel-generator,16,3.6897622,3.3354607,-0.3543015,,,,
exit,1,1.3753863,1.5382038,0.1628175,,,,
#NAME?,3,1.7730426,1.6279036,-0.145139,,,,
isstream,1,1.3287241,1.6626556,0.3339315,,,,
postcss-discard-duplicates,11,2.5497259,2.2006853,-0.3490406,,,,
which,2,1.3702507,1.5098614,0.1396107,,,,
browserify-sign,25,2.5639091,2.5930917,0.0291826,,,,
regjsparser,2,1.3220531,1.5246988,0.2026457,,,,
wdio-chromedriver-service,17,2.2997619,2.1837019,-0.11606,,,,
#NAME?,2,1.5584397,1.7293965,0.1709568,,,,
http-signature,16,2.1645524,2.1579253,-0.0066271,,,,
#NAME?,19,2.9268813,2.621799,-0.3050823,,,,
content-disposition,2,1.5811738,1.6012461,0.0200723,,,,
add,1,1.3903958,1.307648,-0.0827478,,,,
react-reconciler,7,2.1164407,2.2032965,0.0868558,,,,
boxen,24,2.4936613,2.6805364,0.1868751,,,,
aws-sdk,14,6.2383297,6.2123667,-0.025963,,,,
recast,5,1.7484635,1.9359623,0.1874988,,,,
content-type,1,1.481251,1.3591059,-0.1221451,,,,
broccoli-merge-trees,48,4.3325293,4.7672627,0.4347334,,,,
undertaker,38,5.8922657,6.4427251,0.5504594,,,,
path-parse,1,1.4397607,1.3553352,-0.0844255,,,,
array-differ,1,1.4529009,1.4495221,-0.0033788,,,,
supports-color,2,1.5989396,1.7702234,0.1712838,,,,
protoduck,2,1.429816,1.6277655,0.1979495,,,,
#NAME?,11,2.2261769,2.1816692,-0.0445077,,,,
#NAME?,4,1.7064719,1.5354216,-0.1710503,,,,
union-value,5,1.6228494,1.6672239,0.0443745,,,,
array-equal,1,1.3986082,1.4632085,0.0646003,,,,
define-properties,2,1.4548511,1.7348874,0.2800363,,,,
npm-pick-manifest,12,2.3788253,2.2602849,-0.1185404,,,,
#NAME?,2,1.5026329,1.5135378,0.0109049,,,,
karma-json-fixtures-preprocessor,1,1.1695213,1.334752,0.1652307,,,,
debug,2,1.6085297,1.4532171,-0.1553126,,,,
ws,1,1.5012749,1.3836023,-0.1176726,,,,
inherits,1,1.4417316,1.4609003,0.0191687,,,,
extsprintf,1,1.4227593,1.3935731,-0.0291862,,,,
trim-lines,1,1.3967397,1.5075175,0.1107778,,,,
#NAME?,2,1.4974785,1.7091423,0.2116638,,,,
bn.js,1,1.4312749,1.4672862,0.0360113,,,,
